Root endpoint was accessed
127.0.0.1 1701796173 "GET /" 1.1 200 http://127.0.0.1:8000/docs "Mozilla/5.0 (Macintosh; Intel Mac OS X 10_15_7) AppleWebKit/537.36 (KHTML, like Gecko) Chrome/119.0.0.0 Safari/537.36" - - - {} {} {}
127.0.0.1 1702982813 "GET /hospital/1" 1.1 200 http://localhost:3000/ "Mozilla/5.0 (Macintosh; Intel Mac OS X 10_15_7) AppleWebKit/537.36 (KHTML, like Gecko) Chrome/120.0.0.0 Safari/537.36" - - - {} {} {}
127.0.0.1 1702982813 "GET /hospital/1" 1.1 200 http://localhost:3000/ "Mozilla/5.0 (Macintosh; Intel Mac OS X 10_15_7) AppleWebKit/537.36 (KHTML, like Gecko) Chrome/120.0.0.0 Safari/537.36" - - - {} {} {}
127.0.0.1 1702984663 "GET /docs" 1.1 200 - "Mozilla/5.0 (Macintosh; Intel Mac OS X 10_15_7) AppleWebKit/537.36 (KHTML, like Gecko) Chrome/120.0.0.0 Safari/537.36" - - - {} {} {}
127.0.0.1 1702984666 "GET /openapi.json" 1.1 200 http://127.0.0.1:8000/docs "Mozilla/5.0 (Macintosh; Intel Mac OS X 10_15_7) AppleWebKit/537.36 (KHTML, like Gecko) Chrome/120.0.0.0 Safari/537.36" - - - {} {} {}
select pg_catalog.version()
[raw sql] ()
select current_schema()
[raw sql] ()
show standard_conforming_strings
[raw sql] ()
BEGIN (implicit)
SELECT 1
[generated in 0.00008s] ()
Database connection established
COMMIT
Starting up the application
Shutting down the application
select pg_catalog.version()
[raw sql] ()
select current_schema()
[raw sql] ()
show standard_conforming_strings
[raw sql] ()
BEGIN (implicit)
SELECT 1
[generated in 0.00007s] ()
Database connection established
COMMIT
Starting up the application
BEGIN (implicit)
INSERT INTO users (updated_at, username, email, password, is_active) VALUES (%s, %s, %s, %s, %s) RETURNING users.id
[generated in 0.00044s] (None, 'first_user', 'first_user@example.com', 'first_user', True)
ROLLBACK
Shutting down the application
select pg_catalog.version()
[raw sql] ()
select current_schema()
[raw sql] ()
show standard_conforming_strings
[raw sql] ()
BEGIN (implicit)
SELECT 1
[generated in 0.00008s] ()
Database connection established
COMMIT
Starting up the application
Shutting down the application
select pg_catalog.version()
[raw sql] ()
select current_schema()
[raw sql] ()
show standard_conforming_strings
[raw sql] ()
BEGIN (implicit)
SELECT 1
[generated in 0.00007s] ()
Database connection established
COMMIT
Starting up the application
Shutting down the application
select pg_catalog.version()
[raw sql] ()
select current_schema()
[raw sql] ()
show standard_conforming_strings
[raw sql] ()
BEGIN (implicit)
select relname from pg_class c join pg_namespace n on n.oid=c.relnamespace where pg_catalog.pg_table_is_visible(c.oid) and relname=%s
[generated in 0.00007s] ('users',)
select relname from pg_class c join pg_namespace n on n.oid=c.relnamespace where pg_catalog.pg_table_is_visible(c.oid) and relname=%s
[cached since 0.002547s ago] ('ambulances',)
select relname from pg_class c join pg_namespace n on n.oid=c.relnamespace where pg_catalog.pg_table_is_visible(c.oid) and relname=%s
[cached since 0.003161s ago] ('accounts',)
select relname from pg_class c join pg_namespace n on n.oid=c.relnamespace where pg_catalog.pg_table_is_visible(c.oid) and relname=%s
[cached since 0.003745s ago] ('hospitals',)

CREATE TABLE users (
	id SERIAL NOT NULL, 
	created_at TIMESTAMP WITH TIME ZONE DEFAULT now(), 
	updated_at TIMESTAMP WITH TIME ZONE, 
	username VARCHAR, 
	email VARCHAR, 
	password VARCHAR, 
	is_active BOOLEAN, 
	PRIMARY KEY (id)
)


[no key 0.00005s] ()
CREATE UNIQUE INDEX ix_users_username ON users (username)
[no key 0.00011s] ()
CREATE UNIQUE INDEX ix_users_email ON users (email)
[no key 0.00006s] ()
CREATE INDEX ix_users_id ON users (id)
[no key 0.00005s] ()

CREATE TABLE ambulances (
	id SERIAL NOT NULL, 
	created_at TIMESTAMP WITH TIME ZONE DEFAULT now(), 
	updated_at TIMESTAMP WITH TIME ZONE, 
	license_plate VARCHAR, 
	service_active BOOLEAN, 
	PRIMARY KEY (id)
)


[no key 0.00006s] ()
CREATE UNIQUE INDEX ix_ambulances_license_plate ON ambulances (license_plate)
[no key 0.00010s] ()
CREATE INDEX ix_ambulances_id ON ambulances (id)
[no key 0.00005s] ()

CREATE TABLE accounts (
	id SERIAL NOT NULL, 
	created_at TIMESTAMP WITH TIME ZONE DEFAULT now(), 
	updated_at TIMESTAMP WITH TIME ZONE, 
	username VARCHAR, 
	email VARCHAR, 
	hashed_password VARCHAR, 
	is_active BOOLEAN, 
	PRIMARY KEY (id)
)


[no key 0.00009s] ()
CREATE INDEX ix_accounts_username ON accounts (username)
[no key 0.00006s] ()
CREATE UNIQUE INDEX ix_accounts_email ON accounts (email)
[no key 0.00005s] ()
CREATE INDEX ix_accounts_id ON accounts (id)
[no key 0.00004s] ()

CREATE TABLE hospitals (
	id SERIAL NOT NULL, 
	created_at TIMESTAMP WITH TIME ZONE DEFAULT now(), 
	updated_at TIMESTAMP WITH TIME ZONE, 
	name VARCHAR, 
	address VARCHAR, 
	PRIMARY KEY (id)
)


[no key 0.00005s] ()
CREATE INDEX ix_hospitals_id ON hospitals (id)
[no key 0.00005s] ()
CREATE INDEX ix_hospitals_name ON hospitals (name)
[no key 0.00004s] ()
SELECT 1
[generated in 0.00008s] ()
Database connection established
COMMIT
Starting up the application
Shutting down the application
select pg_catalog.version()
[raw sql] ()
select current_schema()
[raw sql] ()
show standard_conforming_strings
[raw sql] ()
BEGIN (implicit)
SELECT 1
[generated in 0.00010s] ()
Database connection established
COMMIT
Starting up the application
BEGIN (implicit)
INSERT INTO users (updated_at, username, email, password, is_active) VALUES (%s, %s, %s, %s, %s) RETURNING users.id
[generated in 0.00048s] (None, 'first_user', 'first_user@example.com', 'first_user', True)
COMMIT
BEGIN (implicit)
SELECT users.id, users.created_at, users.updated_at, users.username, users.email, users.password, users.is_active 
FROM users 
WHERE users.id = %s
[generated in 0.00027s] (1,)
ROLLBACK
Shutting down the application
select pg_catalog.version()
[raw sql] ()
select current_schema()
[raw sql] ()
show standard_conforming_strings
[raw sql] ()
BEGIN (implicit)
SELECT 1
[generated in 0.00008s] ()
Database connection established
COMMIT
Starting up the application
Shutting down the application
select pg_catalog.version()
[raw sql] ()
select current_schema()
[raw sql] ()
show standard_conforming_strings
[raw sql] ()
BEGIN (implicit)
SELECT 1
[generated in 0.00008s] ()
Database connection established
COMMIT
Starting up the application
Shutting down the application
select pg_catalog.version()
[raw sql] ()
select current_schema()
[raw sql] ()
show standard_conforming_strings
[raw sql] ()
BEGIN (implicit)
SELECT 1
[generated in 0.00008s] ()
Database connection established
COMMIT
Starting up the application
Shutting down the application
select pg_catalog.version()
[raw sql] ()
select current_schema()
[raw sql] ()
show standard_conforming_strings
[raw sql] ()
BEGIN (implicit)
SELECT 1
[generated in 0.00011s] ()
Database connection established
COMMIT
Starting up the application
Shutting down the application
select pg_catalog.version()
[raw sql] ()
select current_schema()
[raw sql] ()
show standard_conforming_strings
[raw sql] ()
BEGIN (implicit)
SELECT 1
[generated in 0.00007s] ()
Database connection established
COMMIT
Starting up the application
BEGIN (implicit)
SELECT users.id, users.created_at, users.updated_at, users.username, users.email, users.password, users.is_active 
FROM users 
WHERE users.id = %s
[generated in 0.00087s] (1,)
ROLLBACK
BEGIN (implicit)
SELECT users.id, users.created_at, users.updated_at, users.username, users.email, users.password, users.is_active 
FROM users 
WHERE users.id = %s
[cached since 4.544s ago] (0,)
ROLLBACK
BEGIN (implicit)
SELECT users.id, users.created_at, users.updated_at, users.username, users.email, users.password, users.is_active 
FROM users 
WHERE users.id = %s
[cached since 146.7s ago] (0,)
ROLLBACK
Shutting down the application
select pg_catalog.version()
[raw sql] ()
select current_schema()
[raw sql] ()
show standard_conforming_strings
[raw sql] ()
BEGIN (implicit)
SELECT 1
[generated in 0.00013s] ()
Database connection established
COMMIT
Starting up the application
BEGIN (implicit)
SELECT users.id, users.created_at, users.updated_at, users.username, users.email, users.password, users.is_active 
FROM users 
WHERE users.id = %s
[generated in 0.00052s] (0,)
ROLLBACK
Shutting down the application
select pg_catalog.version()
[raw sql] ()
select current_schema()
[raw sql] ()
show standard_conforming_strings
[raw sql] ()
BEGIN (implicit)
SELECT 1
[generated in 0.00008s] ()
Database connection established
COMMIT
Starting up the application
Shutting down the application
select pg_catalog.version()
[raw sql] ()
select current_schema()
[raw sql] ()
show standard_conforming_strings
[raw sql] ()
BEGIN (implicit)
SELECT 1
[generated in 0.00007s] ()
Database connection established
COMMIT
Starting up the application
BEGIN (implicit)
SELECT users.id, users.created_at, users.updated_at, users.username, users.email, users.password, users.is_active 
FROM users 
WHERE users.id = %s
[generated in 0.00074s] (0,)
ROLLBACK
Shutting down the application
select pg_catalog.version()
[raw sql] ()
select current_schema()
[raw sql] ()
show standard_conforming_strings
[raw sql] ()
BEGIN (implicit)
SELECT 1
[generated in 0.00008s] ()
Database connection established
COMMIT
Starting up the application
BEGIN (implicit)
SELECT users.id, users.created_at, users.updated_at, users.username, users.email, users.password, users.is_active 
FROM users 
WHERE users.id = %s
[generated in 0.00042s] (0,)
ROLLBACK
Shutting down the application
select pg_catalog.version()
[raw sql] ()
select current_schema()
[raw sql] ()
show standard_conforming_strings
[raw sql] ()
BEGIN (implicit)
SELECT 1
[generated in 0.00007s] ()
Database connection established
COMMIT
Starting up the application
BEGIN (implicit)
SELECT users.id, users.created_at, users.updated_at, users.username, users.email, users.password, users.is_active 
FROM users 
WHERE users.id = %s
[generated in 0.00071s] (0,)
ROLLBACK
BEGIN (implicit)
SELECT users.id, users.created_at, users.updated_at, users.username, users.email, users.password, users.is_active 
FROM users 
WHERE users.id = %s
[cached since 25.4s ago] (1,)
ROLLBACK
Shutting down the application
select pg_catalog.version()
[raw sql] ()
select current_schema()
[raw sql] ()
show standard_conforming_strings
[raw sql] ()
BEGIN (implicit)
SELECT 1
[generated in 0.00008s] ()
Database connection established
COMMIT
Starting up the application
BEGIN (implicit)
SELECT users.id, users.created_at, users.updated_at, users.username, users.email, users.password, users.is_active 
FROM users 
WHERE users.id = %s
[generated in 0.00040s] (1,)
ROLLBACK
Shutting down the application
select pg_catalog.version()
[raw sql] ()
select current_schema()
[raw sql] ()
show standard_conforming_strings
[raw sql] ()
BEGIN (implicit)
SELECT 1
[generated in 0.00009s] ()
Database connection established
COMMIT
Starting up the application
Shutting down the application
select pg_catalog.version()
[raw sql] ()
select current_schema()
[raw sql] ()
show standard_conforming_strings
[raw sql] ()
BEGIN (implicit)
SELECT 1
[generated in 0.00012s] ()
Database connection established
COMMIT
Starting up the application
Shutting down the application
select pg_catalog.version()
[raw sql] ()
select current_schema()
[raw sql] ()
show standard_conforming_strings
[raw sql] ()
BEGIN (implicit)
SELECT 1
[generated in 0.00007s] ()
Database connection established
COMMIT
Starting up the application
Shutting down the application
select pg_catalog.version()
[raw sql] ()
select current_schema()
[raw sql] ()
show standard_conforming_strings
[raw sql] ()
BEGIN (implicit)
SELECT 1
[generated in 0.00008s] ()
Database connection established
COMMIT
Starting up the application
Shutting down the application
select pg_catalog.version()
[raw sql] ()
select current_schema()
[raw sql] ()
show standard_conforming_strings
[raw sql] ()
BEGIN (implicit)
SELECT 1
[generated in 0.00011s] ()
Database connection established
COMMIT
Starting up the application
Shutting down the application
select pg_catalog.version()
[raw sql] ()
select current_schema()
[raw sql] ()
show standard_conforming_strings
[raw sql] ()
BEGIN (implicit)
SELECT 1
[generated in 0.00008s] ()
Database connection established
COMMIT
Starting up the application
BEGIN (implicit)
SELECT users.id, users.created_at, users.updated_at, users.username, users.email, users.password, users.is_active 
FROM users 
WHERE users.username = %s
[generated in 0.00041s] ('first_one',)
ROLLBACK
Shutting down the application
select pg_catalog.version()
[raw sql] ()
select current_schema()
[raw sql] ()
show standard_conforming_strings
[raw sql] ()
BEGIN (implicit)
SELECT 1
[generated in 0.00008s] ()
Database connection established
COMMIT
Starting up the application
Shutting down the application
select pg_catalog.version()
[raw sql] ()
select current_schema()
[raw sql] ()
show standard_conforming_strings
[raw sql] ()
BEGIN (implicit)
SELECT 1
[generated in 0.00008s] ()
Database connection established
COMMIT
Starting up the application
Shutting down the application
select pg_catalog.version()
[raw sql] ()
select current_schema()
[raw sql] ()
show standard_conforming_strings
[raw sql] ()
BEGIN (implicit)
SELECT 1
[generated in 0.00007s] ()
Database connection established
COMMIT
Starting up the application
BEGIN (implicit)
INSERT INTO users (updated_at, username, email, password, is_active) VALUES (%s, %s, %s, %s, %s) RETURNING users.id
[generated in 0.00019s] (None, 'second', 'second@gmail.com', '$2b$12$0HJMBk81Sm01D5kwC912iOpcokg8ncy6wW1GJYnye6jwRT.EN4idG', True)
COMMIT
BEGIN (implicit)
SELECT users.id, users.created_at, users.updated_at, users.username, users.email, users.password, users.is_active 
FROM users 
WHERE users.id = %s
[generated in 0.00011s] (2,)
ROLLBACK
BEGIN (implicit)
SELECT users.id, users.created_at, users.updated_at, users.username, users.email, users.password, users.is_active 
FROM users 
WHERE users.username = %s
[generated in 0.00026s] ('second',)
ROLLBACK
Shutting down the application
select pg_catalog.version()
[raw sql] ()
select current_schema()
[raw sql] ()
show standard_conforming_strings
[raw sql] ()
BEGIN (implicit)
SELECT 1
[generated in 0.00007s] ()
Database connection established
COMMIT
Starting up the application
BEGIN (implicit)
SELECT users.id, users.created_at, users.updated_at, users.username, users.email, users.password, users.is_active 
FROM users 
WHERE users.username = %s
[generated in 0.00027s] ('second',)
ROLLBACK
Shutting down the application
select pg_catalog.version()
[raw sql] ()
select current_schema()
[raw sql] ()
show standard_conforming_strings
[raw sql] ()
BEGIN (implicit)
SELECT 1
[generated in 0.00009s] ()
Database connection established
COMMIT
Starting up the application
Shutting down the application
select pg_catalog.version()
[raw sql] ()
select current_schema()
[raw sql] ()
show standard_conforming_strings
[raw sql] ()
BEGIN (implicit)
SELECT 1
[generated in 0.00015s] ()
Database connection established
COMMIT
Starting up the application
Shutting down the application
select pg_catalog.version()
[raw sql] ()
select current_schema()
[raw sql] ()
show standard_conforming_strings
[raw sql] ()
BEGIN (implicit)
SELECT 1
[generated in 0.00010s] ()
Database connection established
COMMIT
Starting up the application
Shutting down the application
select pg_catalog.version()
[raw sql] ()
select current_schema()
[raw sql] ()
show standard_conforming_strings
[raw sql] ()
BEGIN (implicit)
SELECT 1
[generated in 0.00008s] ()
Database connection established
COMMIT
Starting up the application
Shutting down the application
select pg_catalog.version()
[raw sql] ()
select current_schema()
[raw sql] ()
show standard_conforming_strings
[raw sql] ()
BEGIN (implicit)
SELECT 1
[generated in 0.00009s] ()
Database connection established
COMMIT
Starting up the application
Shutting down the application
select pg_catalog.version()
[raw sql] ()
select current_schema()
[raw sql] ()
show standard_conforming_strings
[raw sql] ()
BEGIN (implicit)
SELECT 1
[generated in 0.00010s] ()
Database connection established
COMMIT
Starting up the application
BEGIN (implicit)
SELECT users.id, users.created_at, users.updated_at, users.username, users.email, users.password, users.is_active 
FROM users 
WHERE users.id = %s
[generated in 0.00038s] (1,)
ROLLBACK
Shutting down the application
select pg_catalog.version()
[raw sql] ()
select current_schema()
[raw sql] ()
show standard_conforming_strings
[raw sql] ()
BEGIN (implicit)
SELECT 1
[generated in 0.00008s] ()
Database connection established
COMMIT
Starting up the application
BEGIN (implicit)
SELECT users.id, users.created_at, users.updated_at, users.username, users.email, users.password, users.is_active 
FROM users 
WHERE users.id = %s
[generated in 0.00030s] (1,)
ROLLBACK
BEGIN (implicit)
INSERT INTO hospitals (updated_at, name, address) VALUES (%s, %s, %s) RETURNING hospitals.id
[generated in 0.00037s] (None, 'test_hospital', 'test_address')
COMMIT
BEGIN (implicit)
SELECT hospitals.id, hospitals.created_at, hospitals.updated_at, hospitals.name, hospitals.address 
FROM hospitals 
WHERE hospitals.id = %s
[generated in 0.00029s] (1,)
ROLLBACK
BEGIN (implicit)
SELECT hospitals.id, hospitals.created_at, hospitals.updated_at, hospitals.name, hospitals.address 
FROM hospitals 
 LIMIT %s OFFSET %s
[generated in 0.00052s] (100, 0)
ROLLBACK
BEGIN (implicit)
SELECT hospitals.id, hospitals.created_at, hospitals.updated_at, hospitals.name, hospitals.address 
FROM hospitals 
WHERE hospitals.id = %s
[generated in 0.00031s] (1,)
ROLLBACK
BEGIN (implicit)
SELECT hospitals.id, hospitals.created_at, hospitals.updated_at, hospitals.name, hospitals.address 
FROM hospitals 
WHERE hospitals.id = %s
[cached since 22.7s ago] (1,)
UPDATE hospitals SET updated_at=now(), name=%s, address=%s WHERE hospitals.id = %s
[generated in 0.00063s] ('stest_name', 'stest_address', 1)
COMMIT
BEGIN (implicit)
SELECT hospitals.id, hospitals.created_at, hospitals.updated_at, hospitals.name, hospitals.address 
FROM hospitals 
WHERE hospitals.id = %s
[cached since 41.46s ago] (1,)
ROLLBACK
BEGIN (implicit)
SELECT hospitals.id, hospitals.created_at, hospitals.updated_at, hospitals.name, hospitals.address 
FROM hospitals 
WHERE hospitals.id = %s
[cached since 27.83s ago] (1,)
ROLLBACK
Shutting down the application
select pg_catalog.version()
[raw sql] ()
select current_schema()
[raw sql] ()
show standard_conforming_strings
[raw sql] ()
BEGIN (implicit)
SELECT 1
[generated in 0.00010s] ()
Database connection established
COMMIT
Starting up the application
Shutting down the application
select pg_catalog.version()
[raw sql] ()
select current_schema()
[raw sql] ()
show standard_conforming_strings
[raw sql] ()
BEGIN (implicit)
SELECT 1
[generated in 0.00011s] ()
Database connection established
COMMIT
Starting up the application
Shutting down the application
select pg_catalog.version()
[raw sql] ()
select current_schema()
[raw sql] ()
show standard_conforming_strings
[raw sql] ()
BEGIN (implicit)
SELECT 1
[generated in 0.00010s] ()
Database connection established
COMMIT
Starting up the application
Shutting down the application
select pg_catalog.version()
[raw sql] ()
select current_schema()
[raw sql] ()
show standard_conforming_strings
[raw sql] ()
BEGIN (implicit)
SELECT 1
[generated in 0.00008s] ()
Database connection established
COMMIT
Starting up the application
Shutting down the application
select pg_catalog.version()
[raw sql] ()
select current_schema()
[raw sql] ()
show standard_conforming_strings
[raw sql] ()
BEGIN (implicit)
SELECT 1
[generated in 0.00007s] ()
Database connection established
COMMIT
Starting up the application
Shutting down the application
select pg_catalog.version()
[raw sql] ()
select current_schema()
[raw sql] ()
show standard_conforming_strings
[raw sql] ()
BEGIN (implicit)
SELECT 1
[generated in 0.00008s] ()
Database connection established
COMMIT
Starting up the application
Shutting down the application
select pg_catalog.version()
[raw sql] ()
select current_schema()
[raw sql] ()
show standard_conforming_strings
[raw sql] ()
BEGIN (implicit)
SELECT 1
[generated in 0.00012s] ()
Database connection established
COMMIT
Starting up the application
Shutting down the application
select pg_catalog.version()
[raw sql] ()
select current_schema()
[raw sql] ()
show standard_conforming_strings
[raw sql] ()
BEGIN (implicit)
SELECT 1
[generated in 0.00011s] ()
Database connection established
COMMIT
Starting up the application
Shutting down the application
select pg_catalog.version()
[raw sql] ()
select current_schema()
[raw sql] ()
show standard_conforming_strings
[raw sql] ()
BEGIN (implicit)
SELECT 1
[generated in 0.00009s] ()
Database connection established
COMMIT
Starting up the application
Shutting down the application
select pg_catalog.version()
[raw sql] ()
select current_schema()
[raw sql] ()
show standard_conforming_strings
[raw sql] ()
BEGIN (implicit)
SELECT 1
[generated in 0.00008s] ()
Database connection established
COMMIT
Starting up the application
Shutting down the application
select pg_catalog.version()
[raw sql] ()
select current_schema()
[raw sql] ()
show standard_conforming_strings
[raw sql] ()
BEGIN (implicit)
SELECT 1
[generated in 0.00009s] ()
Database connection established
COMMIT
Starting up the application
Shutting down the application
select pg_catalog.version()
[raw sql] ()
select current_schema()
[raw sql] ()
show standard_conforming_strings
[raw sql] ()
BEGIN (implicit)
SELECT 1
[generated in 0.00008s] ()
Database connection established
COMMIT
Starting up the application
Shutting down the application
select pg_catalog.version()
[raw sql] ()
select current_schema()
[raw sql] ()
show standard_conforming_strings
[raw sql] ()
BEGIN (implicit)
SELECT 1
[generated in 0.00020s] ()
Database connection established
COMMIT
Starting up the application
Shutting down the application
select pg_catalog.version()
[raw sql] ()
select current_schema()
[raw sql] ()
show standard_conforming_strings
[raw sql] ()
BEGIN (implicit)
SELECT 1
[generated in 0.00010s] ()
Database connection established
COMMIT
Starting up the application
Shutting down the application
select pg_catalog.version()
[raw sql] ()
select current_schema()
[raw sql] ()
show standard_conforming_strings
[raw sql] ()
BEGIN (implicit)
select relname from pg_class c join pg_namespace n on n.oid=c.relnamespace where pg_catalog.pg_table_is_visible(c.oid) and relname=%s
[generated in 0.00008s] ('users',)
select relname from pg_class c join pg_namespace n on n.oid=c.relnamespace where pg_catalog.pg_table_is_visible(c.oid) and relname=%s
[cached since 0.002831s ago] ('ambulances',)
select relname from pg_class c join pg_namespace n on n.oid=c.relnamespace where pg_catalog.pg_table_is_visible(c.oid) and relname=%s
[cached since 0.00342s ago] ('hospitals',)
select relname from pg_class c join pg_namespace n on n.oid=c.relnamespace where pg_catalog.pg_table_is_visible(c.oid) and relname=%s
[cached since 0.003809s ago] ('blood',)

CREATE TABLE users (
	id SERIAL NOT NULL, 
	created_at TIMESTAMP WITH TIME ZONE DEFAULT now(), 
	updated_at TIMESTAMP WITH TIME ZONE, 
	username VARCHAR, 
	email VARCHAR, 
	password VARCHAR, 
	is_active BOOLEAN, 
	PRIMARY KEY (id)
)


[no key 0.00006s] ()
CREATE UNIQUE INDEX ix_users_email ON users (email)
[no key 0.00018s] ()
CREATE INDEX ix_users_id ON users (id)
[no key 0.00011s] ()
CREATE UNIQUE INDEX ix_users_username ON users (username)
[no key 0.00007s] ()

CREATE TABLE hospitals (
	id SERIAL NOT NULL, 
	created_at TIMESTAMP WITH TIME ZONE DEFAULT now(), 
	updated_at TIMESTAMP WITH TIME ZONE, 
	name VARCHAR, 
	address VARCHAR, 
	PRIMARY KEY (id)
)


[no key 0.00006s] ()
CREATE INDEX ix_hospitals_name ON hospitals (name)
[no key 0.00006s] ()
CREATE INDEX ix_hospitals_id ON hospitals (id)
[no key 0.00005s] ()

CREATE TABLE ambulances (
	id SERIAL NOT NULL, 
	created_at TIMESTAMP WITH TIME ZONE DEFAULT now(), 
	updated_at TIMESTAMP WITH TIME ZONE, 
	license_plate VARCHAR, 
	service_active BOOLEAN, 
	hospital_id INTEGER, 
	PRIMARY KEY (id), 
	FOREIGN KEY(hospital_id) REFERENCES hospitals (id)
)


[no key 0.00005s] ()
CREATE INDEX ix_ambulances_id ON ambulances (id)
[no key 0.00013s] ()
CREATE UNIQUE INDEX ix_ambulances_license_plate ON ambulances (license_plate)
[no key 0.00010s] ()

CREATE TABLE blood (
	id SERIAL NOT NULL, 
	created_at TIMESTAMP WITH TIME ZONE DEFAULT now(), 
	updated_at TIMESTAMP WITH TIME ZONE, 
	blood_type VARCHAR, 
	is_available BOOLEAN, 
	details VARCHAR, 
	hospital_id INTEGER, 
	PRIMARY KEY (id), 
	FOREIGN KEY(hospital_id) REFERENCES hospitals (id)
)


[no key 0.00007s] ()
CREATE INDEX ix_blood_blood_type ON blood (blood_type)
[no key 0.00006s] ()
CREATE INDEX ix_blood_id ON blood (id)
[no key 0.00005s] ()
SELECT 1
[generated in 0.00008s] ()
Database connection established
COMMIT
Starting up the application
Shutting down the application
select pg_catalog.version()
[raw sql] ()
select current_schema()
[raw sql] ()
show standard_conforming_strings
[raw sql] ()
BEGIN (implicit)
SELECT 1
[generated in 0.00012s] ()
Database connection established
COMMIT
Starting up the application
BEGIN (implicit)
INSERT INTO users (updated_at, username, email, password, is_active) VALUES (%s, %s, %s, %s, %s) RETURNING users.id
[generated in 0.00018s] (None, 'string', 'user@example.com', '$2b$12$iOJnJJEv5vcUpgt/knuJWub61.X6DFC16GU7qZk.gU0O5w.oPc15q', True)
COMMIT
BEGIN (implicit)
SELECT users.id, users.created_at, users.updated_at, users.username, users.email, users.password, users.is_active 
FROM users 
WHERE users.id = %s
[generated in 0.00009s] (1,)
ROLLBACK
Shutting down the application
select pg_catalog.version()
[raw sql] ()
select current_schema()
[raw sql] ()
show standard_conforming_strings
[raw sql] ()
BEGIN (implicit)
SELECT 1
[generated in 0.00008s] ()
Database connection established
COMMIT
Starting up the application
BEGIN (implicit)
SELECT users.id, users.created_at, users.updated_at, users.username, users.email, users.password, users.is_active 
FROM users 
 LIMIT %s OFFSET %s
[generated in 0.00041s] (100, 0)
ROLLBACK
BEGIN (implicit)
SELECT users.id, users.created_at, users.updated_at, users.username, users.email, users.password, users.is_active 
FROM users 
WHERE users.id = %s
[generated in 0.00055s] (1,)
ROLLBACK
BEGIN (implicit)
SELECT users.id, users.created_at, users.updated_at, users.username, users.email, users.password, users.is_active 
FROM users 
WHERE users.id = %s
[cached since 7.82s ago] (1,)
ROLLBACK
BEGIN (implicit)
SELECT users.id, users.created_at, users.updated_at, users.username, users.email, users.password, users.is_active 
FROM users 
WHERE users.id = %s
[cached since 27.17s ago] (1,)
UPDATE users SET updated_at=now(), username=%s, email=%s, password=%s WHERE users.id = %s
[generated in 0.00054s] ('stringc', 'user@gmail.com', 'string', 1)
COMMIT
BEGIN (implicit)
SELECT users.id, users.created_at, users.updated_at, users.username, users.email, users.password, users.is_active 
FROM users 
WHERE users.id = %s
[generated in 0.00040s] (1,)
ROLLBACK
BEGIN (implicit)
INSERT INTO hospitals (updated_at, name, address) VALUES (%s, %s, %s) RETURNING hospitals.id
[generated in 0.00078s] (None, 'Hstring', 'Astring')
COMMIT
BEGIN (implicit)
SELECT hospitals.id, hospitals.created_at, hospitals.updated_at, hospitals.name, hospitals.address 
FROM hospitals 
WHERE hospitals.id = %s
[generated in 0.00013s] (1,)
SELECT ambulances.id AS ambulances_id, ambulances.created_at AS ambulances_created_at, ambulances.updated_at AS ambulances_updated_at, ambulances.license_plate AS ambulances_license_plate, ambulances.service_active AS ambulances_service_active, ambulances.hospital_id AS ambulances_hospital_id 
FROM ambulances 
WHERE %s = ambulances.hospital_id
[generated in 0.00015s] (1,)
ROLLBACK
Shutting down the application
select pg_catalog.version()
[raw sql] ()
select current_schema()
[raw sql] ()
show standard_conforming_strings
[raw sql] ()
BEGIN (implicit)
SELECT 1
[generated in 0.00007s] ()
Database connection established
COMMIT
Starting up the application
BEGIN (implicit)
INSERT INTO hospitals (updated_at, name, address) VALUES (%s, %s, %s) RETURNING hospitals.id
[generated in 0.00050s] (None, 'Hstring', 'Astring')
COMMIT
BEGIN (implicit)
SELECT hospitals.id, hospitals.created_at, hospitals.updated_at, hospitals.name, hospitals.address 
FROM hospitals 
WHERE hospitals.id = %s
[generated in 0.00027s] (2,)
SELECT ambulances.id AS ambulances_id, ambulances.created_at AS ambulances_created_at, ambulances.updated_at AS ambulances_updated_at, ambulances.license_plate AS ambulances_license_plate, ambulances.service_active AS ambulances_service_active, ambulances.hospital_id AS ambulances_hospital_id 
FROM ambulances 
WHERE %s = ambulances.hospital_id
[generated in 0.00022s] (2,)
ROLLBACK
BEGIN (implicit)
INSERT INTO hospitals (updated_at, name, address) VALUES (%s, %s, %s) RETURNING hospitals.id
[cached since 83.05s ago] (None, 'Hstring', 'Astring')
COMMIT
BEGIN (implicit)
SELECT hospitals.id, hospitals.created_at, hospitals.updated_at, hospitals.name, hospitals.address 
FROM hospitals 
WHERE hospitals.id = %s
[cached since 83.05s ago] (3,)
SELECT ambulances.id AS ambulances_id, ambulances.created_at AS ambulances_created_at, ambulances.updated_at AS ambulances_updated_at, ambulances.license_plate AS ambulances_license_plate, ambulances.service_active AS ambulances_service_active, ambulances.hospital_id AS ambulances_hospital_id 
FROM ambulances 
WHERE %s = ambulances.hospital_id
[cached since 83.05s ago] (3,)
ROLLBACK
BEGIN (implicit)
SELECT users.id, users.created_at, users.updated_at, users.username, users.email, users.password, users.is_active 
FROM users 
WHERE users.id = %s
[generated in 0.00072s] (1,)
ROLLBACK
BEGIN (implicit)
INSERT INTO hospitals (updated_at, name, address) VALUES (%s, %s, %s) RETURNING hospitals.id
[cached since 916.1s ago] (None, 'Hstring', 'Astring')
COMMIT
BEGIN (implicit)
SELECT hospitals.id, hospitals.created_at, hospitals.updated_at, hospitals.name, hospitals.address 
FROM hospitals 
WHERE hospitals.id = %s
[cached since 916.1s ago] (4,)
SELECT ambulances.id AS ambulances_id, ambulances.created_at AS ambulances_created_at, ambulances.updated_at AS ambulances_updated_at, ambulances.license_plate AS ambulances_license_plate, ambulances.service_active AS ambulances_service_active, ambulances.hospital_id AS ambulances_hospital_id 
FROM ambulances 
WHERE %s = ambulances.hospital_id
[cached since 916.1s ago] (4,)
ROLLBACK
Shutting down the application
select pg_catalog.version()
[raw sql] ()
select current_schema()
[raw sql] ()
show standard_conforming_strings
[raw sql] ()
BEGIN (implicit)
SELECT 1
[generated in 0.00009s] ()
Database connection established
COMMIT
Starting up the application
BEGIN (implicit)
INSERT INTO hospitals (updated_at, name, address) VALUES (%s, %s, %s) RETURNING hospitals.id
[generated in 0.00066s] (None, 'Hstring', 'Astring')
COMMIT
BEGIN (implicit)
SELECT hospitals.id, hospitals.created_at, hospitals.updated_at, hospitals.name, hospitals.address 
FROM hospitals 
WHERE hospitals.id = %s
[generated in 0.00022s] (5,)
SELECT ambulances.id AS ambulances_id, ambulances.created_at AS ambulances_created_at, ambulances.updated_at AS ambulances_updated_at, ambulances.license_plate AS ambulances_license_plate, ambulances.service_active AS ambulances_service_active, ambulances.hospital_id AS ambulances_hospital_id 
FROM ambulances 
WHERE %s = ambulances.hospital_id
[generated in 0.00019s] (5,)
ROLLBACK
Shutting down the application
select pg_catalog.version()
[raw sql] ()
select current_schema()
[raw sql] ()
show standard_conforming_strings
[raw sql] ()
BEGIN (implicit)
SELECT 1
[generated in 0.00010s] ()
Database connection established
COMMIT
Starting up the application
Shutting down the application
select pg_catalog.version()
[raw sql] ()
select current_schema()
[raw sql] ()
show standard_conforming_strings
[raw sql] ()
BEGIN (implicit)
SELECT 1
[generated in 0.00010s] ()
Database connection established
COMMIT
Starting up the application
BEGIN (implicit)
INSERT INTO hospitals (updated_at, name, address) VALUES (%s, %s, %s) RETURNING hospitals.id
[generated in 0.00015s] (None, 'Hstring', 'Astring')
COMMIT
BEGIN (implicit)
SELECT hospitals.id, hospitals.created_at, hospitals.updated_at, hospitals.name, hospitals.address 
FROM hospitals 
WHERE hospitals.id = %s
[generated in 0.00013s] (6,)
SELECT ambulances.id AS ambulances_id, ambulances.created_at AS ambulances_created_at, ambulances.updated_at AS ambulances_updated_at, ambulances.license_plate AS ambulances_license_plate, ambulances.service_active AS ambulances_service_active, ambulances.hospital_id AS ambulances_hospital_id 
FROM ambulances 
WHERE %s = ambulances.hospital_id
[generated in 0.00011s] (6,)
ROLLBACK
Shutting down the application
select pg_catalog.version()
[raw sql] ()
select current_schema()
[raw sql] ()
show standard_conforming_strings
[raw sql] ()
BEGIN (implicit)
SELECT 1
[generated in 0.00008s] ()
Database connection established
COMMIT
Starting up the application
BEGIN (implicit)
INSERT INTO hospitals (updated_at, name, address) VALUES (%s, %s, %s) RETURNING hospitals.id
[generated in 0.00029s] (None, 'Hstring', 'Astring')
COMMIT
BEGIN (implicit)
SELECT hospitals.id, hospitals.created_at, hospitals.updated_at, hospitals.name, hospitals.address 
FROM hospitals 
WHERE hospitals.id = %s
[generated in 0.00025s] (7,)
SELECT ambulances.id AS ambulances_id, ambulances.created_at AS ambulances_created_at, ambulances.updated_at AS ambulances_updated_at, ambulances.license_plate AS ambulances_license_plate, ambulances.service_active AS ambulances_service_active, ambulances.hospital_id AS ambulances_hospital_id 
FROM ambulances 
WHERE %s = ambulances.hospital_id
[generated in 0.00028s] (7,)
ROLLBACK
Shutting down the application
select pg_catalog.version()
[raw sql] ()
select current_schema()
[raw sql] ()
show standard_conforming_strings
[raw sql] ()
BEGIN (implicit)
SELECT 1
[generated in 0.00008s] ()
Database connection established
COMMIT
Starting up the application
BEGIN (implicit)
INSERT INTO hospitals (updated_at, name, address) VALUES (%s, %s, %s) RETURNING hospitals.id
[generated in 0.00031s] (None, 'Hstring', 'Astring')
COMMIT
BEGIN (implicit)
SELECT hospitals.id, hospitals.created_at, hospitals.updated_at, hospitals.name, hospitals.address 
FROM hospitals 
WHERE hospitals.id = %s
[generated in 0.00040s] (8,)
SELECT ambulances.id AS ambulances_id, ambulances.created_at AS ambulances_created_at, ambulances.updated_at AS ambulances_updated_at, ambulances.license_plate AS ambulances_license_plate, ambulances.service_active AS ambulances_service_active, ambulances.hospital_id AS ambulances_hospital_id 
FROM ambulances 
WHERE %s = ambulances.hospital_id
[generated in 0.00017s] (8,)
ROLLBACK
Shutting down the application
select pg_catalog.version()
[raw sql] ()
select current_schema()
[raw sql] ()
show standard_conforming_strings
[raw sql] ()
BEGIN (implicit)
SELECT 1
[generated in 0.00008s] ()
Database connection established
COMMIT
Starting up the application
BEGIN (implicit)
INSERT INTO hospitals (updated_at, name, address) VALUES (%s, %s, %s) RETURNING hospitals.id
[generated in 0.00026s] (None, 'Hstring', 'Astring')
COMMIT
BEGIN (implicit)
SELECT hospitals.id, hospitals.created_at, hospitals.updated_at, hospitals.name, hospitals.address 
FROM hospitals 
WHERE hospitals.id = %s
[generated in 0.00025s] (9,)
SELECT ambulances.id AS ambulances_id, ambulances.created_at AS ambulances_created_at, ambulances.updated_at AS ambulances_updated_at, ambulances.license_plate AS ambulances_license_plate, ambulances.service_active AS ambulances_service_active, ambulances.hospital_id AS ambulances_hospital_id 
FROM ambulances 
WHERE %s = ambulances.hospital_id
[generated in 0.00012s] (9,)
ROLLBACK
Shutting down the application
select pg_catalog.version()
[raw sql] ()
select current_schema()
[raw sql] ()
show standard_conforming_strings
[raw sql] ()
BEGIN (implicit)
SELECT 1
[generated in 0.00007s] ()
Database connection established
COMMIT
Starting up the application
BEGIN (implicit)
INSERT INTO hospitals (updated_at, name, address) VALUES (%s, %s, %s) RETURNING hospitals.id
[generated in 0.00019s] (None, 'Hstring', 'Astring')
COMMIT
BEGIN (implicit)
SELECT hospitals.id, hospitals.created_at, hospitals.updated_at, hospitals.name, hospitals.address 
FROM hospitals 
WHERE hospitals.id = %s
[generated in 0.00011s] (10,)
SELECT ambulances.id AS ambulances_id, ambulances.created_at AS ambulances_created_at, ambulances.updated_at AS ambulances_updated_at, ambulances.license_plate AS ambulances_license_plate, ambulances.service_active AS ambulances_service_active, ambulances.hospital_id AS ambulances_hospital_id 
FROM ambulances 
WHERE %s = ambulances.hospital_id
[generated in 0.00012s] (10,)
ROLLBACK
Shutting down the application
select pg_catalog.version()
[raw sql] ()
select current_schema()
[raw sql] ()
show standard_conforming_strings
[raw sql] ()
BEGIN (implicit)
SELECT 1
[generated in 0.00008s] ()
Database connection established
COMMIT
Starting up the application
Shutting down the application
select pg_catalog.version()
[raw sql] ()
select current_schema()
[raw sql] ()
show standard_conforming_strings
[raw sql] ()
BEGIN (implicit)
SELECT 1
[generated in 0.00008s] ()
Database connection established
COMMIT
Starting up the application
BEGIN (implicit)
INSERT INTO hospitals (updated_at, name, address) VALUES (%s, %s, %s) RETURNING hospitals.id
[generated in 0.00030s] (None, 'Hstring', 'Astring')
COMMIT
BEGIN (implicit)
SELECT hospitals.id, hospitals.created_at, hospitals.updated_at, hospitals.name, hospitals.address 
FROM hospitals 
WHERE hospitals.id = %s
[generated in 0.00031s] (11,)
SELECT ambulances.id AS ambulances_id, ambulances.created_at AS ambulances_created_at, ambulances.updated_at AS ambulances_updated_at, ambulances.license_plate AS ambulances_license_plate, ambulances.service_active AS ambulances_service_active, ambulances.hospital_id AS ambulances_hospital_id 
FROM ambulances 
WHERE %s = ambulances.hospital_id
[generated in 0.00024s] (11,)
ROLLBACK
Shutting down the application
select pg_catalog.version()
[raw sql] ()
select current_schema()
[raw sql] ()
show standard_conforming_strings
[raw sql] ()
BEGIN (implicit)
SELECT 1
[generated in 0.00009s] ()
Database connection established
COMMIT
Starting up the application
BEGIN (implicit)
INSERT INTO hospitals (updated_at, name, address) VALUES (%s, %s, %s) RETURNING hospitals.id
[generated in 0.00038s] (None, 'Hstring', 'Astring')
COMMIT
BEGIN (implicit)
SELECT hospitals.id, hospitals.created_at, hospitals.updated_at, hospitals.name, hospitals.address 
FROM hospitals 
WHERE hospitals.id = %s
[generated in 0.00012s] (12,)
SELECT ambulances.id AS ambulances_id, ambulances.created_at AS ambulances_created_at, ambulances.updated_at AS ambulances_updated_at, ambulances.license_plate AS ambulances_license_plate, ambulances.service_active AS ambulances_service_active, ambulances.hospital_id AS ambulances_hospital_id 
FROM ambulances 
WHERE %s = ambulances.hospital_id
[generated in 0.00012s] (12,)
ROLLBACK
Shutting down the application
select pg_catalog.version()
[raw sql] ()
select current_schema()
[raw sql] ()
show standard_conforming_strings
[raw sql] ()
BEGIN (implicit)
SELECT 1
[generated in 0.00010s] ()
Database connection established
COMMIT
Starting up the application
BEGIN (implicit)
INSERT INTO hospitals (updated_at, name, address) VALUES (%s, %s, %s) RETURNING hospitals.id
[generated in 0.00086s] (None, 'Hstring', 'Astring')
COMMIT
BEGIN (implicit)
SELECT hospitals.id, hospitals.created_at, hospitals.updated_at, hospitals.name, hospitals.address 
FROM hospitals 
WHERE hospitals.id = %s
[generated in 0.00016s] (13,)
SELECT ambulances.id AS ambulances_id, ambulances.created_at AS ambulances_created_at, ambulances.updated_at AS ambulances_updated_at, ambulances.license_plate AS ambulances_license_plate, ambulances.service_active AS ambulances_service_active, ambulances.hospital_id AS ambulances_hospital_id 
FROM ambulances 
WHERE %s = ambulances.hospital_id
[generated in 0.00017s] (13,)
ROLLBACK
Shutting down the application
select pg_catalog.version()
[raw sql] ()
select current_schema()
[raw sql] ()
show standard_conforming_strings
[raw sql] ()
BEGIN (implicit)
SELECT 1
[generated in 0.00011s] ()
Database connection established
COMMIT
Starting up the application
Shutting down the application
select pg_catalog.version()
[raw sql] ()
select current_schema()
[raw sql] ()
show standard_conforming_strings
[raw sql] ()
BEGIN (implicit)
SELECT 1
[generated in 0.00008s] ()
Database connection established
COMMIT
Starting up the application
Shutting down the application
select pg_catalog.version()
[raw sql] ()
select current_schema()
[raw sql] ()
show standard_conforming_strings
[raw sql] ()
BEGIN (implicit)
SELECT 1
[generated in 0.00008s] ()
Database connection established
COMMIT
Starting up the application
Shutting down the application
select pg_catalog.version()
[raw sql] ()
select current_schema()
[raw sql] ()
show standard_conforming_strings
[raw sql] ()
BEGIN (implicit)
SELECT 1
[generated in 0.00008s] ()
Database connection established
COMMIT
Starting up the application
Shutting down the application
select pg_catalog.version()
[raw sql] ()
select current_schema()
[raw sql] ()
show standard_conforming_strings
[raw sql] ()
BEGIN (implicit)
SELECT 1
[generated in 0.00009s] ()
Database connection established
COMMIT
Starting up the application
Shutting down the application
select pg_catalog.version()
[raw sql] ()
select current_schema()
[raw sql] ()
show standard_conforming_strings
[raw sql] ()
BEGIN (implicit)
SELECT 1
[generated in 0.00009s] ()
Database connection established
COMMIT
Starting up the application
BEGIN (implicit)
INSERT INTO hospitals (updated_at, name, address) VALUES (%s, %s, %s) RETURNING hospitals.id
[generated in 0.00038s] (None, 'string', 'string')
COMMIT
BEGIN (implicit)
SELECT hospitals.id, hospitals.created_at, hospitals.updated_at, hospitals.name, hospitals.address 
FROM hospitals 
WHERE hospitals.id = %s
[generated in 0.00038s] (14,)
SELECT ambulances.id AS ambulances_id, ambulances.created_at AS ambulances_created_at, ambulances.updated_at AS ambulances_updated_at, ambulances.license_plate AS ambulances_license_plate, ambulances.service_active AS ambulances_service_active, ambulances.hospital_id AS ambulances_hospital_id 
FROM ambulances 
WHERE %s = ambulances.hospital_id
[generated in 0.00041s] (14,)
ROLLBACK
Shutting down the application
select pg_catalog.version()
[raw sql] ()
select current_schema()
[raw sql] ()
show standard_conforming_strings
[raw sql] ()
BEGIN (implicit)
SELECT 1
[generated in 0.00007s] ()
Database connection established
COMMIT
Starting up the application
BEGIN (implicit)
INSERT INTO hospitals (updated_at, name, address) VALUES (%s, %s, %s) RETURNING hospitals.id
[generated in 0.00042s] (None, 'string', 'string')
COMMIT
BEGIN (implicit)
SELECT hospitals.id, hospitals.created_at, hospitals.updated_at, hospitals.name, hospitals.address 
FROM hospitals 
WHERE hospitals.id = %s
[generated in 0.00024s] (15,)
SELECT ambulances.id AS ambulances_id, ambulances.created_at AS ambulances_created_at, ambulances.updated_at AS ambulances_updated_at, ambulances.license_plate AS ambulances_license_plate, ambulances.service_active AS ambulances_service_active, ambulances.hospital_id AS ambulances_hospital_id 
FROM ambulances 
WHERE %s = ambulances.hospital_id
[generated in 0.00021s] (15,)
ROLLBACK
Shutting down the application
select pg_catalog.version()
[raw sql] ()
select current_schema()
[raw sql] ()
show standard_conforming_strings
[raw sql] ()
BEGIN (implicit)
SELECT 1
[generated in 0.00010s] ()
Database connection established
COMMIT
Starting up the application
Shutting down the application
select pg_catalog.version()
[raw sql] ()
select current_schema()
[raw sql] ()
show standard_conforming_strings
[raw sql] ()
BEGIN (implicit)
SELECT 1
[generated in 0.00011s] ()
Database connection established
COMMIT
Starting up the application
Shutting down the application
select pg_catalog.version()
[raw sql] ()
select current_schema()
[raw sql] ()
show standard_conforming_strings
[raw sql] ()
BEGIN (implicit)
SELECT 1
[generated in 0.00008s] ()
Database connection established
COMMIT
Starting up the application
Shutting down the application
select pg_catalog.version()
[raw sql] ()
select current_schema()
[raw sql] ()
show standard_conforming_strings
[raw sql] ()
BEGIN (implicit)
select relname from pg_class c join pg_namespace n on n.oid=c.relnamespace where pg_catalog.pg_table_is_visible(c.oid) and relname=%s
[generated in 0.00007s] ('users',)
select relname from pg_class c join pg_namespace n on n.oid=c.relnamespace where pg_catalog.pg_table_is_visible(c.oid) and relname=%s
[cached since 0.003924s ago] ('ambulances',)
select relname from pg_class c join pg_namespace n on n.oid=c.relnamespace where pg_catalog.pg_table_is_visible(c.oid) and relname=%s
[cached since 0.004557s ago] ('hospitals',)
select relname from pg_class c join pg_namespace n on n.oid=c.relnamespace where pg_catalog.pg_table_is_visible(c.oid) and relname=%s
[cached since 0.005228s ago] ('blood',)
SELECT 1
[generated in 0.00007s] ()
Database connection established
COMMIT
Starting up the application
Shutting down the application
select pg_catalog.version()
[raw sql] ()
select current_schema()
[raw sql] ()
show standard_conforming_strings
[raw sql] ()
BEGIN (implicit)
select relname from pg_class c join pg_namespace n on n.oid=c.relnamespace where pg_catalog.pg_table_is_visible(c.oid) and relname=%s
[generated in 0.00007s] ('users',)
select relname from pg_class c join pg_namespace n on n.oid=c.relnamespace where pg_catalog.pg_table_is_visible(c.oid) and relname=%s
[cached since 0.001783s ago] ('ambulances',)
select relname from pg_class c join pg_namespace n on n.oid=c.relnamespace where pg_catalog.pg_table_is_visible(c.oid) and relname=%s
[cached since 0.002309s ago] ('hospitals',)
select relname from pg_class c join pg_namespace n on n.oid=c.relnamespace where pg_catalog.pg_table_is_visible(c.oid) and relname=%s
[cached since 0.002736s ago] ('blood',)
SELECT 1
[generated in 0.00011s] ()
Database connection established
COMMIT
Starting up the application
Shutting down the application
select pg_catalog.version()
[raw sql] ()
select current_schema()
[raw sql] ()
show standard_conforming_strings
[raw sql] ()
BEGIN (implicit)
select relname from pg_class c join pg_namespace n on n.oid=c.relnamespace where pg_catalog.pg_table_is_visible(c.oid) and relname=%s
[generated in 0.00008s] ('users',)
select relname from pg_class c join pg_namespace n on n.oid=c.relnamespace where pg_catalog.pg_table_is_visible(c.oid) and relname=%s
[cached since 0.002029s ago] ('ambulances',)
select relname from pg_class c join pg_namespace n on n.oid=c.relnamespace where pg_catalog.pg_table_is_visible(c.oid) and relname=%s
[cached since 0.002547s ago] ('hospitals',)
select relname from pg_class c join pg_namespace n on n.oid=c.relnamespace where pg_catalog.pg_table_is_visible(c.oid) and relname=%s
[cached since 0.00303s ago] ('blood',)
SELECT 1
[generated in 0.00012s] ()
Database connection established
COMMIT
Starting up the application
Shutting down the application
select pg_catalog.version()
[raw sql] ()
select current_schema()
[raw sql] ()
show standard_conforming_strings
[raw sql] ()
BEGIN (implicit)
select relname from pg_class c join pg_namespace n on n.oid=c.relnamespace where pg_catalog.pg_table_is_visible(c.oid) and relname=%s
[generated in 0.00008s] ('users',)
select relname from pg_class c join pg_namespace n on n.oid=c.relnamespace where pg_catalog.pg_table_is_visible(c.oid) and relname=%s
[cached since 0.002133s ago] ('ambulances',)
select relname from pg_class c join pg_namespace n on n.oid=c.relnamespace where pg_catalog.pg_table_is_visible(c.oid) and relname=%s
[cached since 0.002755s ago] ('hospitals',)
select relname from pg_class c join pg_namespace n on n.oid=c.relnamespace where pg_catalog.pg_table_is_visible(c.oid) and relname=%s
[cached since 0.003153s ago] ('blood',)
SELECT 1
[generated in 0.00007s] ()
Database connection established
COMMIT
Starting up the application
Shutting down the application
select pg_catalog.version()
[raw sql] ()
select current_schema()
[raw sql] ()
show standard_conforming_strings
[raw sql] ()
BEGIN (implicit)
select relname from pg_class c join pg_namespace n on n.oid=c.relnamespace where pg_catalog.pg_table_is_visible(c.oid) and relname=%s
[generated in 0.00009s] ('users',)
select relname from pg_class c join pg_namespace n on n.oid=c.relnamespace where pg_catalog.pg_table_is_visible(c.oid) and relname=%s
[cached since 0.003865s ago] ('ambulances',)
select relname from pg_class c join pg_namespace n on n.oid=c.relnamespace where pg_catalog.pg_table_is_visible(c.oid) and relname=%s
[cached since 0.004454s ago] ('hospitals',)
select relname from pg_class c join pg_namespace n on n.oid=c.relnamespace where pg_catalog.pg_table_is_visible(c.oid) and relname=%s
[cached since 0.004934s ago] ('blood',)

CREATE TABLE users (
	id SERIAL NOT NULL, 
	created_at TIMESTAMP WITH TIME ZONE DEFAULT now(), 
	updated_at TIMESTAMP WITH TIME ZONE, 
	username VARCHAR, 
	email VARCHAR, 
	password VARCHAR, 
	is_active BOOLEAN, 
	PRIMARY KEY (id)
)


[no key 0.00009s] ()
CREATE UNIQUE INDEX ix_users_username ON users (username)
[no key 0.00011s] ()
CREATE UNIQUE INDEX ix_users_email ON users (email)
[no key 0.00006s] ()
CREATE INDEX ix_users_id ON users (id)
[no key 0.00005s] ()

CREATE TABLE hospitals (
	id SERIAL NOT NULL, 
	created_at TIMESTAMP WITH TIME ZONE DEFAULT now(), 
	updated_at TIMESTAMP WITH TIME ZONE, 
	name VARCHAR, 
	address VARCHAR, 
	PRIMARY KEY (id)
)


[no key 0.00005s] ()
CREATE INDEX ix_hospitals_id ON hospitals (id)
[no key 0.00009s] ()
CREATE INDEX ix_hospitals_name ON hospitals (name)
[no key 0.00009s] ()

CREATE TABLE ambulances (
	id SERIAL NOT NULL, 
	created_at TIMESTAMP WITH TIME ZONE DEFAULT now(), 
	updated_at TIMESTAMP WITH TIME ZONE, 
	license_plate VARCHAR, 
	service_active BOOLEAN, 
	hospital_id INTEGER, 
	PRIMARY KEY (id), 
	FOREIGN KEY(hospital_id) REFERENCES hospitals (id)
)


[no key 0.00008s] ()
CREATE UNIQUE INDEX ix_ambulances_license_plate ON ambulances (license_plate)
[no key 0.00007s] ()
CREATE INDEX ix_ambulances_id ON ambulances (id)
[no key 0.00005s] ()

CREATE TABLE blood (
	id SERIAL NOT NULL, 
	created_at TIMESTAMP WITH TIME ZONE DEFAULT now(), 
	updated_at TIMESTAMP WITH TIME ZONE, 
	blood_type VARCHAR, 
	is_available BOOLEAN, 
	details VARCHAR, 
	hospital_id INTEGER, 
	PRIMARY KEY (id), 
	FOREIGN KEY(hospital_id) REFERENCES hospitals (id)
)


[no key 0.00006s] ()
CREATE INDEX ix_blood_blood_type ON blood (blood_type)
[no key 0.00006s] ()
CREATE INDEX ix_blood_id ON blood (id)
[no key 0.00007s] ()
SELECT 1
[generated in 0.00009s] ()
Database connection established
COMMIT
Starting up the application
Shutting down the application
select pg_catalog.version()
[raw sql] ()
select current_schema()
[raw sql] ()
show standard_conforming_strings
[raw sql] ()
BEGIN (implicit)
select relname from pg_class c join pg_namespace n on n.oid=c.relnamespace where pg_catalog.pg_table_is_visible(c.oid) and relname=%s
[generated in 0.00009s] ('users',)
select relname from pg_class c join pg_namespace n on n.oid=c.relnamespace where pg_catalog.pg_table_is_visible(c.oid) and relname=%s
[cached since 0.002734s ago] ('ambulances',)
select relname from pg_class c join pg_namespace n on n.oid=c.relnamespace where pg_catalog.pg_table_is_visible(c.oid) and relname=%s
[cached since 0.003332s ago] ('hospitals',)
select relname from pg_class c join pg_namespace n on n.oid=c.relnamespace where pg_catalog.pg_table_is_visible(c.oid) and relname=%s
[cached since 0.003753s ago] ('blood',)
SELECT 1
[generated in 0.00008s] ()
Database connection established
COMMIT
Starting up the application
Shutting down the application
select pg_catalog.version()
[raw sql] ()
select current_schema()
[raw sql] ()
show standard_conforming_strings
[raw sql] ()
BEGIN (implicit)
select relname from pg_class c join pg_namespace n on n.oid=c.relnamespace where pg_catalog.pg_table_is_visible(c.oid) and relname=%s
[generated in 0.00008s] ('users',)
select relname from pg_class c join pg_namespace n on n.oid=c.relnamespace where pg_catalog.pg_table_is_visible(c.oid) and relname=%s
[cached since 0.002281s ago] ('ambulances',)
select relname from pg_class c join pg_namespace n on n.oid=c.relnamespace where pg_catalog.pg_table_is_visible(c.oid) and relname=%s
[cached since 0.002862s ago] ('hospitals',)
select relname from pg_class c join pg_namespace n on n.oid=c.relnamespace where pg_catalog.pg_table_is_visible(c.oid) and relname=%s
[cached since 0.003287s ago] ('blood',)
SELECT 1
[generated in 0.00007s] ()
Database connection established
COMMIT
Starting up the application
BEGIN (implicit)
INSERT INTO hospitals (updated_at, name, address) VALUES (%s, %s, %s) RETURNING hospitals.id
[generated in 0.00051s] (None, 'string1', 'string2')
COMMIT
BEGIN (implicit)
SELECT hospitals.id, hospitals.created_at, hospitals.updated_at, hospitals.name, hospitals.address 
FROM hospitals 
WHERE hospitals.id = %s
[generated in 0.00054s] (1,)
ROLLBACK
Shutting down the application
select pg_catalog.version()
[raw sql] ()
select current_schema()
[raw sql] ()
show standard_conforming_strings
[raw sql] ()
BEGIN (implicit)
select relname from pg_class c join pg_namespace n on n.oid=c.relnamespace where pg_catalog.pg_table_is_visible(c.oid) and relname=%s
[generated in 0.00119s] ('users',)
select relname from pg_class c join pg_namespace n on n.oid=c.relnamespace where pg_catalog.pg_table_is_visible(c.oid) and relname=%s
[cached since 0.003371s ago] ('ambulances',)
select relname from pg_class c join pg_namespace n on n.oid=c.relnamespace where pg_catalog.pg_table_is_visible(c.oid) and relname=%s
[cached since 0.003958s ago] ('hospitals',)
select relname from pg_class c join pg_namespace n on n.oid=c.relnamespace where pg_catalog.pg_table_is_visible(c.oid) and relname=%s
[cached since 0.004367s ago] ('blood',)
SELECT 1
[generated in 0.00007s] ()
Database connection established
COMMIT
Starting up the application
BEGIN (implicit)
INSERT INTO hospitals (updated_at, name, address) VALUES (%s, %s, %s) RETURNING hospitals.id
[generated in 0.00042s] (None, 'string1', 'string2')
COMMIT
BEGIN (implicit)
SELECT hospitals.id, hospitals.created_at, hospitals.updated_at, hospitals.name, hospitals.address 
FROM hospitals 
WHERE hospitals.id = %s
[generated in 0.00027s] (2,)
ROLLBACK
BEGIN (implicit)
SELECT hospitals.id, hospitals.created_at, hospitals.updated_at, hospitals.name, hospitals.address 
FROM hospitals 
 LIMIT %s OFFSET %s
[generated in 0.00028s] (100, 0)
ROLLBACK
BEGIN (implicit)
SELECT hospitals.id, hospitals.created_at, hospitals.updated_at, hospitals.name, hospitals.address 
FROM hospitals 
WHERE hospitals.id = %s
[generated in 0.00044s] (1,)
ROLLBACK
BEGIN (implicit)
SELECT hospitals.id, hospitals.created_at, hospitals.updated_at, hospitals.name, hospitals.address 
FROM hospitals 
WHERE hospitals.id = %s
[cached since 3.726s ago] (2,)
ROLLBACK
BEGIN (implicit)
SELECT hospitals.id, hospitals.created_at, hospitals.updated_at, hospitals.name, hospitals.address 
FROM hospitals 
WHERE hospitals.id = %s
[cached since 6.247s ago] (3,)
ROLLBACK
BEGIN (implicit)
SELECT hospitals.id, hospitals.created_at, hospitals.updated_at, hospitals.name, hospitals.address 
FROM hospitals 
WHERE hospitals.id = %s
[cached since 28.89s ago] (1,)
UPDATE hospitals SET updated_at=now(), name=%s, address=%s WHERE hospitals.id = %s
[generated in 0.00043s] ('oneee', 'string', 1)
COMMIT
BEGIN (implicit)
SELECT hospitals.id, hospitals.created_at, hospitals.updated_at, hospitals.name, hospitals.address 
FROM hospitals 
WHERE hospitals.id = %s
[cached since 48.99s ago] (1,)
ROLLBACK
Shutting down the application
select pg_catalog.version()
[raw sql] ()
select current_schema()
[raw sql] ()
show standard_conforming_strings
[raw sql] ()
BEGIN (implicit)
select relname from pg_class c join pg_namespace n on n.oid=c.relnamespace where pg_catalog.pg_table_is_visible(c.oid) and relname=%s
[generated in 0.00010s] ('users',)
select relname from pg_class c join pg_namespace n on n.oid=c.relnamespace where pg_catalog.pg_table_is_visible(c.oid) and relname=%s
[cached since 0.002993s ago] ('ambulances',)
select relname from pg_class c join pg_namespace n on n.oid=c.relnamespace where pg_catalog.pg_table_is_visible(c.oid) and relname=%s
[cached since 0.003399s ago] ('hospitals',)
select relname from pg_class c join pg_namespace n on n.oid=c.relnamespace where pg_catalog.pg_table_is_visible(c.oid) and relname=%s
[cached since 0.003818s ago] ('blood',)
SELECT 1
[generated in 0.00008s] ()
Database connection established
COMMIT
Starting up the application
Shutting down the application
select pg_catalog.version()
[raw sql] ()
select current_schema()
[raw sql] ()
show standard_conforming_strings
[raw sql] ()
BEGIN (implicit)
select relname from pg_class c join pg_namespace n on n.oid=c.relnamespace where pg_catalog.pg_table_is_visible(c.oid) and relname=%s
[generated in 0.00008s] ('users',)
select relname from pg_class c join pg_namespace n on n.oid=c.relnamespace where pg_catalog.pg_table_is_visible(c.oid) and relname=%s
[cached since 0.001859s ago] ('ambulances',)
select relname from pg_class c join pg_namespace n on n.oid=c.relnamespace where pg_catalog.pg_table_is_visible(c.oid) and relname=%s
[cached since 0.002318s ago] ('hospitals',)
select relname from pg_class c join pg_namespace n on n.oid=c.relnamespace where pg_catalog.pg_table_is_visible(c.oid) and relname=%s
[cached since 0.002908s ago] ('blood',)
SELECT 1
[generated in 0.00007s] ()
Database connection established
COMMIT
Starting up the application
Shutting down the application
select pg_catalog.version()
[raw sql] ()
select current_schema()
[raw sql] ()
show standard_conforming_strings
[raw sql] ()
BEGIN (implicit)
select relname from pg_class c join pg_namespace n on n.oid=c.relnamespace where pg_catalog.pg_table_is_visible(c.oid) and relname=%s
[generated in 0.00008s] ('users',)
select relname from pg_class c join pg_namespace n on n.oid=c.relnamespace where pg_catalog.pg_table_is_visible(c.oid) and relname=%s
[cached since 0.002222s ago] ('ambulances',)
select relname from pg_class c join pg_namespace n on n.oid=c.relnamespace where pg_catalog.pg_table_is_visible(c.oid) and relname=%s
[cached since 0.002876s ago] ('hospitals',)
select relname from pg_class c join pg_namespace n on n.oid=c.relnamespace where pg_catalog.pg_table_is_visible(c.oid) and relname=%s
[cached since 0.003495s ago] ('blood',)
SELECT 1
[generated in 0.00006s] ()
Database connection established
COMMIT
Starting up the application
BEGIN (implicit)
SELECT hospitals.id, hospitals.created_at, hospitals.updated_at, hospitals.name, hospitals.address 
FROM hospitals 
WHERE hospitals.id = %s
[generated in 0.00053s] (3,)
ROLLBACK
BEGIN (implicit)
SELECT hospitals.id, hospitals.created_at, hospitals.updated_at, hospitals.name, hospitals.address 
FROM hospitals 
WHERE hospitals.id = %s
[cached since 3.963s ago] (2,)
ROLLBACK
BEGIN (implicit)
INSERT INTO ambulances (updated_at, license_plate, service_active, hospital_id) VALUES (%s, %s, %s, %s) RETURNING ambulances.id
[generated in 0.00081s] (None, 'string123', True, 1)
COMMIT
BEGIN (implicit)
SELECT ambulances.id, ambulances.created_at, ambulances.updated_at, ambulances.license_plate, ambulances.service_active, ambulances.hospital_id 
FROM ambulances 
WHERE ambulances.id = %s
[generated in 0.00017s] (1,)
ROLLBACK
Shutting down the application
select pg_catalog.version()
[raw sql] ()
select current_schema()
[raw sql] ()
show standard_conforming_strings
[raw sql] ()
BEGIN (implicit)
select relname from pg_class c join pg_namespace n on n.oid=c.relnamespace where pg_catalog.pg_table_is_visible(c.oid) and relname=%s
[generated in 0.00009s] ('users',)
select relname from pg_class c join pg_namespace n on n.oid=c.relnamespace where pg_catalog.pg_table_is_visible(c.oid) and relname=%s
[cached since 0.002312s ago] ('ambulances',)
select relname from pg_class c join pg_namespace n on n.oid=c.relnamespace where pg_catalog.pg_table_is_visible(c.oid) and relname=%s
[cached since 0.002946s ago] ('hospitals',)
select relname from pg_class c join pg_namespace n on n.oid=c.relnamespace where pg_catalog.pg_table_is_visible(c.oid) and relname=%s
[cached since 0.003349s ago] ('blood',)
SELECT 1
[generated in 0.00008s] ()
Database connection established
COMMIT
Starting up the application
BEGIN (implicit)
SELECT ambulances.id, ambulances.created_at, ambulances.updated_at, ambulances.license_plate, ambulances.service_active, ambulances.hospital_id 
FROM ambulances 
 LIMIT %s OFFSET %s
[generated in 0.00075s] (100, 0)
ROLLBACK
BEGIN (implicit)
SELECT ambulances.id, ambulances.created_at, ambulances.updated_at, ambulances.license_plate, ambulances.service_active, ambulances.hospital_id 
FROM ambulances 
WHERE ambulances.id = %s
[generated in 0.00029s] (1,)
ROLLBACK
BEGIN (implicit)
SELECT ambulances.id, ambulances.created_at, ambulances.updated_at, ambulances.license_plate, ambulances.service_active, ambulances.hospital_id 
FROM ambulances 
WHERE ambulances.id = %s
[cached since 123.3s ago] (1,)
UPDATE ambulances SET updated_at=now(), license_plate=%s, hospital_id=%s WHERE ambulances.id = %s
[generated in 0.00066s] ('string-212', 2, 1)
COMMIT
BEGIN (implicit)
SELECT ambulances.id, ambulances.created_at, ambulances.updated_at, ambulances.license_plate, ambulances.service_active, ambulances.hospital_id 
FROM ambulances 
WHERE ambulances.id = %s
[generated in 0.00042s] (1,)
ROLLBACK
BEGIN (implicit)
SELECT hospitals.id, hospitals.created_at, hospitals.updated_at, hospitals.name, hospitals.address 
FROM hospitals 
 LIMIT %s OFFSET %s
[generated in 0.00075s] (100, 0)
ROLLBACK
BEGIN (implicit)
SELECT users.id, users.created_at, users.updated_at, users.username, users.email, users.password, users.is_active 
FROM users 
 LIMIT %s OFFSET %s
[generated in 0.00031s] (100, 0)
ROLLBACK
BEGIN (implicit)
INSERT INTO users (updated_at, username, email, password, is_active) VALUES (%s, %s, %s, %s, %s) RETURNING users.id
[generated in 0.00016s] (None, 'string', 'user@example.com', '$2b$12$VOXO1NEsYm9DF2oDIF7NB.Xc.IhqOpjGHZZeEBMKtSRWzzyVwVmL2', True)
COMMIT
BEGIN (implicit)
SELECT users.id, users.created_at, users.updated_at, users.username, users.email, users.password, users.is_active 
FROM users 
WHERE users.id = %s
[generated in 0.00010s] (1,)
ROLLBACK
BEGIN (implicit)
SELECT users.id, users.created_at, users.updated_at, users.username, users.email, users.password, users.is_active 
FROM users 
 LIMIT %s OFFSET %s
[cached since 9.281s ago] (100, 0)
ROLLBACK
BEGIN (implicit)
SELECT users.id, users.created_at, users.updated_at, users.username, users.email, users.password, users.is_active 
FROM users 
WHERE users.id = %s
[generated in 0.00051s] (1,)
ROLLBACK
BEGIN (implicit)
SELECT users.id, users.created_at, users.updated_at, users.username, users.email, users.password, users.is_active 
FROM users 
WHERE users.id = %s
[cached since 4.967s ago] (1,)
ROLLBACK
BEGIN (implicit)
SELECT users.id, users.created_at, users.updated_at, users.username, users.email, users.password, users.is_active 
FROM users 
WHERE users.id = %s
[cached since 16.97s ago] (1,)
UPDATE users SET updated_at=now(), username=%s, password=%s WHERE users.id = %s
[generated in 0.00042s] ('string1', 'string1', 1)
COMMIT
BEGIN (implicit)
SELECT users.id, users.created_at, users.updated_at, users.username, users.email, users.password, users.is_active 
FROM users 
WHERE users.id = %s
[cached since 30.2s ago] (1,)
ROLLBACK
Shutting down the application
select pg_catalog.version()
[raw sql] ()
select current_schema()
[raw sql] ()
show standard_conforming_strings
[raw sql] ()
BEGIN (implicit)
select relname from pg_class c join pg_namespace n on n.oid=c.relnamespace where pg_catalog.pg_table_is_visible(c.oid) and relname=%s
[generated in 0.00009s] ('users',)
select relname from pg_class c join pg_namespace n on n.oid=c.relnamespace where pg_catalog.pg_table_is_visible(c.oid) and relname=%s
[cached since 0.004429s ago] ('ambulances',)
select relname from pg_class c join pg_namespace n on n.oid=c.relnamespace where pg_catalog.pg_table_is_visible(c.oid) and relname=%s
[cached since 0.004992s ago] ('hospitals',)
select relname from pg_class c join pg_namespace n on n.oid=c.relnamespace where pg_catalog.pg_table_is_visible(c.oid) and relname=%s
[cached since 0.005482s ago] ('blood',)
SELECT 1
[generated in 0.00008s] ()
Database connection established
COMMIT
Starting up the application
BEGIN (implicit)
SELECT users.id, users.created_at, users.updated_at, users.username, users.email, users.password, users.is_active 
FROM users 
WHERE users.username = %s
[generated in 0.00031s] ('first_one',)
ROLLBACK
BEGIN (implicit)
INSERT INTO users (updated_at, username, email, password, is_active) VALUES (%s, %s, %s, %s, %s) RETURNING users.id
[generated in 0.00026s] (None, 'string', 'user@example.com', '$2b$12$rzmAoNPIHg4tEe/tr2Si7OOEthafeUtAHAt8p9Iw0Ar0det/C6MlS', True)
ROLLBACK
Shutting down the application
select pg_catalog.version()
[raw sql] ()
select current_schema()
[raw sql] ()
show standard_conforming_strings
[raw sql] ()
BEGIN (implicit)
select relname from pg_class c join pg_namespace n on n.oid=c.relnamespace where pg_catalog.pg_table_is_visible(c.oid) and relname=%s
[generated in 0.00014s] ('users',)
select relname from pg_class c join pg_namespace n on n.oid=c.relnamespace where pg_catalog.pg_table_is_visible(c.oid) and relname=%s
[cached since 0.01534s ago] ('ambulances',)
select relname from pg_class c join pg_namespace n on n.oid=c.relnamespace where pg_catalog.pg_table_is_visible(c.oid) and relname=%s
[cached since 0.01591s ago] ('hospitals',)
select relname from pg_class c join pg_namespace n on n.oid=c.relnamespace where pg_catalog.pg_table_is_visible(c.oid) and relname=%s
[cached since 0.01637s ago] ('blood',)
SELECT 1
[generated in 0.00010s] ()
Database connection established
COMMIT
Starting up the application
Shutting down the application
select pg_catalog.version()
[raw sql] ()
select current_schema()
[raw sql] ()
show standard_conforming_strings
[raw sql] ()
BEGIN (implicit)
select relname from pg_class c join pg_namespace n on n.oid=c.relnamespace where pg_catalog.pg_table_is_visible(c.oid) and relname=%s
[generated in 0.00008s] ('users',)
select relname from pg_class c join pg_namespace n on n.oid=c.relnamespace where pg_catalog.pg_table_is_visible(c.oid) and relname=%s
[cached since 0.001496s ago] ('ambulances',)
select relname from pg_class c join pg_namespace n on n.oid=c.relnamespace where pg_catalog.pg_table_is_visible(c.oid) and relname=%s
[cached since 0.001908s ago] ('hospitals',)
select relname from pg_class c join pg_namespace n on n.oid=c.relnamespace where pg_catalog.pg_table_is_visible(c.oid) and relname=%s
[cached since 0.002262s ago] ('blood',)
SELECT 1
[generated in 0.00006s] ()
Database connection established
COMMIT
Starting up the application
Shutting down the application
select pg_catalog.version()
[raw sql] ()
select current_schema()
[raw sql] ()
show standard_conforming_strings
[raw sql] ()
BEGIN (implicit)
select relname from pg_class c join pg_namespace n on n.oid=c.relnamespace where pg_catalog.pg_table_is_visible(c.oid) and relname=%s
[generated in 0.00007s] ('users',)
select relname from pg_class c join pg_namespace n on n.oid=c.relnamespace where pg_catalog.pg_table_is_visible(c.oid) and relname=%s
[cached since 0.002072s ago] ('ambulances',)
select relname from pg_class c join pg_namespace n on n.oid=c.relnamespace where pg_catalog.pg_table_is_visible(c.oid) and relname=%s
[cached since 0.002653s ago] ('hospitals',)
select relname from pg_class c join pg_namespace n on n.oid=c.relnamespace where pg_catalog.pg_table_is_visible(c.oid) and relname=%s
[cached since 0.003079s ago] ('blood',)
SELECT 1
[generated in 0.00009s] ()
Database connection established
COMMIT
Starting up the application
BEGIN (implicit)
SELECT users.id, users.created_at, users.updated_at, users.username, users.email, users.password, users.is_active 
FROM users 
 LIMIT %s OFFSET %s
[generated in 0.00084s] (100, 0)
ROLLBACK
BEGIN (implicit)
SELECT users.id, users.created_at, users.updated_at, users.username, users.email, users.password, users.is_active 
FROM users 
WHERE users.username = %s
[generated in 0.00031s] ('string1',)
ROLLBACK
BEGIN (implicit)
INSERT INTO users (updated_at, username, email, password, is_active) VALUES (%s, %s, %s, %s, %s) RETURNING users.id
[generated in 0.00020s] (None, 'test01', 'test01@gmail.com', '$2b$12$a0twYF0Q3zhQ5v.PSGEmG.HO/4khiuHsbqOfZyaBhQ210o3z35JvG', True)
COMMIT
BEGIN (implicit)
SELECT users.id, users.created_at, users.updated_at, users.username, users.email, users.password, users.is_active 
FROM users 
WHERE users.id = %s
[generated in 0.00009s] (3,)
ROLLBACK
BEGIN (implicit)
SELECT users.id, users.created_at, users.updated_at, users.username, users.email, users.password, users.is_active 
FROM users 
WHERE users.username = %s
[cached since 37.1s ago] ('test01',)
ROLLBACK
Shutting down the application
select pg_catalog.version()
[raw sql] ()
select current_schema()
[raw sql] ()
show standard_conforming_strings
[raw sql] ()
BEGIN (implicit)
select relname from pg_class c join pg_namespace n on n.oid=c.relnamespace where pg_catalog.pg_table_is_visible(c.oid) and relname=%s
[generated in 0.00012s] ('users',)
select relname from pg_class c join pg_namespace n on n.oid=c.relnamespace where pg_catalog.pg_table_is_visible(c.oid) and relname=%s
[cached since 0.002351s ago] ('ambulances',)
select relname from pg_class c join pg_namespace n on n.oid=c.relnamespace where pg_catalog.pg_table_is_visible(c.oid) and relname=%s
[cached since 0.003s ago] ('hospitals',)
select relname from pg_class c join pg_namespace n on n.oid=c.relnamespace where pg_catalog.pg_table_is_visible(c.oid) and relname=%s
[cached since 0.003718s ago] ('blood',)
SELECT 1
[generated in 0.00006s] ()
Database connection established
COMMIT
Starting up the application
BEGIN (implicit)
SELECT users.id, users.created_at, users.updated_at, users.username, users.email, users.password, users.is_active 
FROM users 
WHERE users.username = %s
[generated in 0.00044s] ('test01',)
ROLLBACK
Shutting down the application
select pg_catalog.version()
[raw sql] ()
select current_schema()
[raw sql] ()
show standard_conforming_strings
[raw sql] ()
BEGIN (implicit)
select relname from pg_class c join pg_namespace n on n.oid=c.relnamespace where pg_catalog.pg_table_is_visible(c.oid) and relname=%s
[generated in 0.00008s] ('users',)
select relname from pg_class c join pg_namespace n on n.oid=c.relnamespace where pg_catalog.pg_table_is_visible(c.oid) and relname=%s
[cached since 0.002272s ago] ('ambulances',)
select relname from pg_class c join pg_namespace n on n.oid=c.relnamespace where pg_catalog.pg_table_is_visible(c.oid) and relname=%s
[cached since 0.002754s ago] ('hospitals',)
select relname from pg_class c join pg_namespace n on n.oid=c.relnamespace where pg_catalog.pg_table_is_visible(c.oid) and relname=%s
[cached since 0.003122s ago] ('blood',)
SELECT 1
[generated in 0.00166s] ()
Database connection established
COMMIT
Starting up the application
BEGIN (implicit)
SELECT users.id, users.created_at, users.updated_at, users.username, users.email, users.password, users.is_active 
FROM users 
WHERE users.username = %s
[generated in 0.00061s] ('test01',)
ROLLBACK
BEGIN (implicit)
INSERT INTO users (updated_at, username, email, password, is_active) VALUES (%s, %s, %s, %s, %s) RETURNING users.id
[generated in 0.00035s] (None, 'test02', 'test02@gmail.com', '$2b$12$efKa4C/ga3kdcjKpS3JjLu8D1M2EPC3/Md.ZlVT/9KpnoIyLEo4qq', True)
COMMIT
BEGIN (implicit)
SELECT users.id, users.created_at, users.updated_at, users.username, users.email, users.password, users.is_active 
FROM users 
WHERE users.id = %s
[generated in 0.00015s] (4,)
ROLLBACK
Shutting down the application
select pg_catalog.version()
[raw sql] ()
select current_schema()
[raw sql] ()
show standard_conforming_strings
[raw sql] ()
BEGIN (implicit)
select relname from pg_class c join pg_namespace n on n.oid=c.relnamespace where pg_catalog.pg_table_is_visible(c.oid) and relname=%s
[generated in 0.00010s] ('users',)
select relname from pg_class c join pg_namespace n on n.oid=c.relnamespace where pg_catalog.pg_table_is_visible(c.oid) and relname=%s
[cached since 0.02694s ago] ('ambulances',)
select relname from pg_class c join pg_namespace n on n.oid=c.relnamespace where pg_catalog.pg_table_is_visible(c.oid) and relname=%s
[cached since 0.02777s ago] ('hospitals',)
select relname from pg_class c join pg_namespace n on n.oid=c.relnamespace where pg_catalog.pg_table_is_visible(c.oid) and relname=%s
[cached since 0.02821s ago] ('blood',)
SELECT 1
[generated in 0.00007s] ()
Database connection established
COMMIT
Starting up the application
Shutting down the application
select pg_catalog.version()
[raw sql] ()
select current_schema()
[raw sql] ()
show standard_conforming_strings
[raw sql] ()
BEGIN (implicit)
select relname from pg_class c join pg_namespace n on n.oid=c.relnamespace where pg_catalog.pg_table_is_visible(c.oid) and relname=%s
[generated in 0.00009s] ('users',)
select relname from pg_class c join pg_namespace n on n.oid=c.relnamespace where pg_catalog.pg_table_is_visible(c.oid) and relname=%s
[cached since 0.003661s ago] ('ambulances',)
select relname from pg_class c join pg_namespace n on n.oid=c.relnamespace where pg_catalog.pg_table_is_visible(c.oid) and relname=%s
[cached since 0.004288s ago] ('hospitals',)
select relname from pg_class c join pg_namespace n on n.oid=c.relnamespace where pg_catalog.pg_table_is_visible(c.oid) and relname=%s
[cached since 0.00476s ago] ('blood',)
SELECT 1
[generated in 0.00009s] ()
Database connection established
COMMIT
Starting up the application
Shutting down the application
select pg_catalog.version()
[raw sql] ()
select current_schema()
[raw sql] ()
show standard_conforming_strings
[raw sql] ()
BEGIN (implicit)
select relname from pg_class c join pg_namespace n on n.oid=c.relnamespace where pg_catalog.pg_table_is_visible(c.oid) and relname=%s
[generated in 0.00008s] ('users',)
select relname from pg_class c join pg_namespace n on n.oid=c.relnamespace where pg_catalog.pg_table_is_visible(c.oid) and relname=%s
[cached since 0.004363s ago] ('ambulances',)
select relname from pg_class c join pg_namespace n on n.oid=c.relnamespace where pg_catalog.pg_table_is_visible(c.oid) and relname=%s
[cached since 0.004916s ago] ('hospitals',)
select relname from pg_class c join pg_namespace n on n.oid=c.relnamespace where pg_catalog.pg_table_is_visible(c.oid) and relname=%s
[cached since 0.005398s ago] ('blood',)
SELECT 1
[generated in 0.00008s] ()
Database connection established
COMMIT
Starting up the application
Shutting down the application
select pg_catalog.version()
[raw sql] ()
select current_schema()
[raw sql] ()
show standard_conforming_strings
[raw sql] ()
BEGIN (implicit)
select relname from pg_class c join pg_namespace n on n.oid=c.relnamespace where pg_catalog.pg_table_is_visible(c.oid) and relname=%s
[generated in 0.00013s] ('users',)
select relname from pg_class c join pg_namespace n on n.oid=c.relnamespace where pg_catalog.pg_table_is_visible(c.oid) and relname=%s
[cached since 0.004965s ago] ('ambulances',)
select relname from pg_class c join pg_namespace n on n.oid=c.relnamespace where pg_catalog.pg_table_is_visible(c.oid) and relname=%s
[cached since 0.005403s ago] ('hospitals',)
select relname from pg_class c join pg_namespace n on n.oid=c.relnamespace where pg_catalog.pg_table_is_visible(c.oid) and relname=%s
[cached since 0.005779s ago] ('blood',)
SELECT 1
[generated in 0.00007s] ()
Database connection established
COMMIT
Starting up the application
Shutting down the application
select pg_catalog.version()
[raw sql] ()
select current_schema()
[raw sql] ()
show standard_conforming_strings
[raw sql] ()
BEGIN (implicit)
select relname from pg_class c join pg_namespace n on n.oid=c.relnamespace where pg_catalog.pg_table_is_visible(c.oid) and relname=%s
[generated in 0.00008s] ('users',)
select relname from pg_class c join pg_namespace n on n.oid=c.relnamespace where pg_catalog.pg_table_is_visible(c.oid) and relname=%s
[cached since 0.002116s ago] ('ambulances',)
select relname from pg_class c join pg_namespace n on n.oid=c.relnamespace where pg_catalog.pg_table_is_visible(c.oid) and relname=%s
[cached since 0.003449s ago] ('hospitals',)
select relname from pg_class c join pg_namespace n on n.oid=c.relnamespace where pg_catalog.pg_table_is_visible(c.oid) and relname=%s
[cached since 0.003897s ago] ('blood',)
SELECT 1
[generated in 0.00007s] ()
Database connection established
COMMIT
Starting up the application
BEGIN (implicit)
SELECT users.id, users.created_at, users.updated_at, users.username, users.email, users.password, users.is_active 
FROM users 
WHERE users.username = %s
[generated in 0.00037s] ('test01',)
ROLLBACK
BEGIN (implicit)
SELECT users.id, users.created_at, users.updated_at, users.username, users.email, users.password, users.is_active 
FROM users 
WHERE users.username = %s
[cached since 75.37s ago] ('postgres',)
ROLLBACK
BEGIN (implicit)
SELECT users.id, users.created_at, users.updated_at, users.username, users.email, users.password, users.is_active 
FROM users 
WHERE users.username = %s
[cached since 90.72s ago] ('test01',)
ROLLBACK
BEGIN (implicit)
SELECT hospitals.id, hospitals.created_at, hospitals.updated_at, hospitals.name, hospitals.address 
FROM hospitals 
 LIMIT %s OFFSET %s
[generated in 0.00286s] (100, 0)
ROLLBACK
BEGIN (implicit)
INSERT INTO hospitals (updated_at, name, address) VALUES (%s, %s, %s) RETURNING hospitals.id
[generated in 0.00084s] (None, 'hos-1', 'anamnagar')
COMMIT
BEGIN (implicit)
SELECT hospitals.id, hospitals.created_at, hospitals.updated_at, hospitals.name, hospitals.address 
FROM hospitals 
WHERE hospitals.id = %s
[generated in 0.00021s] (3,)
ROLLBACK
BEGIN (implicit)
SELECT hospitals.id, hospitals.created_at, hospitals.updated_at, hospitals.name, hospitals.address 
FROM hospitals 
WHERE hospitals.id = %s
[generated in 0.00086s] (1,)
ROLLBACK
BEGIN (implicit)
SELECT hospitals.id, hospitals.created_at, hospitals.updated_at, hospitals.name, hospitals.address 
FROM hospitals 
 LIMIT %s OFFSET %s
[cached since 4455s ago] (100, 0)
ROLLBACK
BEGIN (implicit)
SELECT hospitals.id, hospitals.created_at, hospitals.updated_at, hospitals.name, hospitals.address 
FROM hospitals 
 LIMIT %s OFFSET %s
[cached since 4511s ago] (100, 0)
ROLLBACK
BEGIN (implicit)
SELECT hospitals.id, hospitals.created_at, hospitals.updated_at, hospitals.name, hospitals.address 
FROM hospitals 
 LIMIT %s OFFSET %s
[cached since 4518s ago] (100, 0)
ROLLBACK
Shutting down the application
select pg_catalog.version()
[raw sql] ()
select current_schema()
[raw sql] ()
show standard_conforming_strings
[raw sql] ()
BEGIN (implicit)
select relname from pg_class c join pg_namespace n on n.oid=c.relnamespace where pg_catalog.pg_table_is_visible(c.oid) and relname=%s
[generated in 0.00009s] ('users',)
select relname from pg_class c join pg_namespace n on n.oid=c.relnamespace where pg_catalog.pg_table_is_visible(c.oid) and relname=%s
[cached since 0.002751s ago] ('ambulances',)
select relname from pg_class c join pg_namespace n on n.oid=c.relnamespace where pg_catalog.pg_table_is_visible(c.oid) and relname=%s
[cached since 0.003218s ago] ('hospitals',)
select relname from pg_class c join pg_namespace n on n.oid=c.relnamespace where pg_catalog.pg_table_is_visible(c.oid) and relname=%s
[cached since 0.003602s ago] ('blood',)
SELECT 1
[generated in 0.00007s] ()
Database connection established
COMMIT
Starting up the application
BEGIN (implicit)
SELECT hospitals.id, hospitals.created_at, hospitals.updated_at, hospitals.name, hospitals.address 
FROM hospitals 
 LIMIT %s OFFSET %s
[generated in 0.00042s] (100, 0)
ROLLBACK
BEGIN (implicit)
SELECT hospitals.id, hospitals.created_at, hospitals.updated_at, hospitals.name, hospitals.address 
FROM hospitals 
WHERE hospitals.id = %s
[generated in 0.00076s] (2,)
ROLLBACK
BEGIN (implicit)
SELECT hospitals.id, hospitals.created_at, hospitals.updated_at, hospitals.name, hospitals.address 
FROM hospitals 
WHERE hospitals.id = %s
[cached since 2.009s ago] (2,)
ROLLBACK
BEGIN (implicit)
SELECT hospitals.id, hospitals.created_at, hospitals.updated_at, hospitals.name, hospitals.address 
FROM hospitals 
 LIMIT %s OFFSET %s
[cached since 258.4s ago] (100, 0)
ROLLBACK
BEGIN (implicit)
INSERT INTO hospitals (updated_at, name, address) VALUES (%s, %s, %s) RETURNING hospitals.id
[generated in 0.00109s] (None, 'web-test', 'web-test')
COMMIT
BEGIN (implicit)
SELECT hospitals.id, hospitals.created_at, hospitals.updated_at, hospitals.name, hospitals.address 
FROM hospitals 
WHERE hospitals.id = %s
[generated in 0.00022s] (4,)
ROLLBACK
BEGIN (implicit)
SELECT hospitals.id, hospitals.created_at, hospitals.updated_at, hospitals.name, hospitals.address 
FROM hospitals 
 LIMIT %s OFFSET %s
[cached since 484.5s ago] (100, 0)
ROLLBACK
BEGIN (implicit)
SELECT hospitals.id, hospitals.created_at, hospitals.updated_at, hospitals.name, hospitals.address 
FROM hospitals 
 LIMIT %s OFFSET %s
[cached since 492.9s ago] (100, 0)
ROLLBACK
BEGIN (implicit)
SELECT hospitals.id, hospitals.created_at, hospitals.updated_at, hospitals.name, hospitals.address 
FROM hospitals 
WHERE hospitals.id = %s
[cached since 306.6s ago] (4,)
ROLLBACK
BEGIN (implicit)
SELECT hospitals.id, hospitals.created_at, hospitals.updated_at, hospitals.name, hospitals.address 
FROM hospitals 
 LIMIT %s OFFSET %s
[cached since 497.4s ago] (100, 0)
ROLLBACK
BEGIN (implicit)
SELECT hospitals.id, hospitals.created_at, hospitals.updated_at, hospitals.name, hospitals.address 
FROM hospitals 
WHERE hospitals.id = %s
[cached since 369.6s ago] (1,)
UPDATE hospitals SET updated_at=now(), name=%s, address=%s WHERE hospitals.id = %s
[generated in 0.00051s] ('string11', 'string11', 1)
COMMIT
BEGIN (implicit)
SELECT hospitals.id, hospitals.created_at, hospitals.updated_at, hospitals.name, hospitals.address 
FROM hospitals 
WHERE hospitals.id = %s
[cached since 75.08s ago] (1,)
ROLLBACK
BEGIN (implicit)
SELECT hospitals.id, hospitals.created_at, hospitals.updated_at, hospitals.name, hospitals.address 
FROM hospitals 
 LIMIT %s OFFSET %s
[cached since 645.3s ago] (100, 0)
ROLLBACK
BEGIN (implicit)
SELECT hospitals.id, hospitals.created_at, hospitals.updated_at, hospitals.name, hospitals.address 
FROM hospitals 
WHERE hospitals.id = %s
[cached since 466.2s ago] (4,)
ROLLBACK
BEGIN (implicit)
SELECT hospitals.id, hospitals.created_at, hospitals.updated_at, hospitals.name, hospitals.address 
FROM hospitals 
WHERE hospitals.id = %s
[cached since 468.7s ago] (4,)
UPDATE hospitals SET updated_at=now(), address=%s WHERE hospitals.id = %s
[generated in 0.00114s] ('web-test1', 4)
COMMIT
BEGIN (implicit)
SELECT hospitals.id, hospitals.created_at, hospitals.updated_at, hospitals.name, hospitals.address 
FROM hospitals 
WHERE hospitals.id = %s
[cached since 174.2s ago] (4,)
ROLLBACK
BEGIN (implicit)
SELECT hospitals.id, hospitals.created_at, hospitals.updated_at, hospitals.name, hospitals.address 
FROM hospitals 
 LIMIT %s OFFSET %s
[cached since 658.8s ago] (100, 0)
ROLLBACK
BEGIN (implicit)
INSERT INTO hospitals (updated_at, name, address) VALUES (%s, %s, %s) RETURNING hospitals.id
[cached since 191.6s ago] (None, 'aaa', 'asd')
COMMIT
BEGIN (implicit)
SELECT hospitals.id, hospitals.created_at, hospitals.updated_at, hospitals.name, hospitals.address 
FROM hospitals 
WHERE hospitals.id = %s
[cached since 191.6s ago] (5,)
ROLLBACK
BEGIN (implicit)
SELECT hospitals.id, hospitals.created_at, hospitals.updated_at, hospitals.name, hospitals.address 
FROM hospitals 
 LIMIT %s OFFSET %s
[cached since 676.1s ago] (100, 0)
ROLLBACK
BEGIN (implicit)
SELECT hospitals.id, hospitals.created_at, hospitals.updated_at, hospitals.name, hospitals.address 
FROM hospitals 
WHERE hospitals.id = %s
[cached since 490.2s ago] (5,)
ROLLBACK
BEGIN (implicit)
SELECT hospitals.id, hospitals.created_at, hospitals.updated_at, hospitals.name, hospitals.address 
FROM hospitals 
 LIMIT %s OFFSET %s
[cached since 681.1s ago] (100, 0)
ROLLBACK
BEGIN (implicit)
SELECT hospitals.id, hospitals.created_at, hospitals.updated_at, hospitals.name, hospitals.address 
FROM hospitals 
WHERE hospitals.id = %s
[cached since 492.2s ago] (5,)
ROLLBACK
BEGIN (implicit)
SELECT hospitals.id, hospitals.created_at, hospitals.updated_at, hospitals.name, hospitals.address 
FROM hospitals 
 LIMIT %s OFFSET %s
[cached since 682.9s ago] (100, 0)
ROLLBACK
BEGIN (implicit)
SELECT hospitals.id, hospitals.created_at, hospitals.updated_at, hospitals.name, hospitals.address 
FROM hospitals 
 LIMIT %s OFFSET %s
[cached since 777.9s ago] (100, 0)
ROLLBACK
BEGIN (implicit)
SELECT hospitals.id, hospitals.created_at, hospitals.updated_at, hospitals.name, hospitals.address 
FROM hospitals 
WHERE hospitals.id = %s
[cached since 595.5s ago] (5,)
ROLLBACK
BEGIN (implicit)
SELECT hospitals.id, hospitals.created_at, hospitals.updated_at, hospitals.name, hospitals.address 
FROM hospitals 
 LIMIT %s OFFSET %s
[cached since 786s ago] (100, 0)
ROLLBACK
BEGIN (implicit)
SELECT hospitals.id, hospitals.created_at, hospitals.updated_at, hospitals.name, hospitals.address 
FROM hospitals 
WHERE hospitals.id = %s
[cached since 596.8s ago] (4,)
ROLLBACK
BEGIN (implicit)
SELECT hospitals.id, hospitals.created_at, hospitals.updated_at, hospitals.name, hospitals.address 
FROM hospitals 
 LIMIT %s OFFSET %s
[cached since 788.6s ago] (100, 0)
ROLLBACK
BEGIN (implicit)
SELECT hospitals.id, hospitals.created_at, hospitals.updated_at, hospitals.name, hospitals.address 
FROM hospitals 
 LIMIT %s OFFSET %s
[cached since 810.6s ago] (100, 0)
ROLLBACK
BEGIN (implicit)
SELECT hospitals.id, hospitals.created_at, hospitals.updated_at, hospitals.name, hospitals.address 
FROM hospitals 
 LIMIT %s OFFSET %s
[cached since 2658s ago] (100, 0)
ROLLBACK
BEGIN (implicit)
SELECT hospitals.id, hospitals.created_at, hospitals.updated_at, hospitals.name, hospitals.address 
FROM hospitals 
 LIMIT %s OFFSET %s
[cached since 2664s ago] (100, 0)
ROLLBACK
BEGIN (implicit)
SELECT hospitals.id, hospitals.created_at, hospitals.updated_at, hospitals.name, hospitals.address 
FROM hospitals 
 LIMIT %s OFFSET %s
[cached since 2924s ago] (100, 0)
ROLLBACK
BEGIN (implicit)
SELECT users.id, users.created_at, users.updated_at, users.username, users.email, users.password, users.is_active 
FROM users 
WHERE users.id = %s
[generated in 0.00083s] (1,)
ROLLBACK
BEGIN (implicit)
SELECT hospitals.id, hospitals.created_at, hospitals.updated_at, hospitals.name, hospitals.address 
FROM hospitals 
 LIMIT %s OFFSET %s
[cached since 3306s ago] (100, 0)
ROLLBACK
BEGIN (implicit)
SELECT hospitals.id, hospitals.created_at, hospitals.updated_at, hospitals.name, hospitals.address 
FROM hospitals 
 LIMIT %s OFFSET %s
[cached since 3371s ago] (100, 0)
ROLLBACK
BEGIN (implicit)
SELECT users.id, users.created_at, users.updated_at, users.username, users.email, users.password, users.is_active 
FROM users 
WHERE users.id = %s
[cached since 192.9s ago] (1,)
ROLLBACK
BEGIN (implicit)
SELECT users.id, users.created_at, users.updated_at, users.username, users.email, users.password, users.is_active 
FROM users 
WHERE users.id = %s
[cached since 360.8s ago] (1,)
ROLLBACK
BEGIN (implicit)
SELECT users.id, users.created_at, users.updated_at, users.username, users.email, users.password, users.is_active 
FROM users 
WHERE users.id = %s
[cached since 364.5s ago] (1,)
ROLLBACK
BEGIN (implicit)
SELECT hospitals.id, hospitals.created_at, hospitals.updated_at, hospitals.name, hospitals.address 
FROM hospitals 
 LIMIT %s OFFSET %s
[cached since 3560s ago] (100, 0)
ROLLBACK
BEGIN (implicit)
SELECT users.id, users.created_at, users.updated_at, users.username, users.email, users.password, users.is_active 
FROM users 
WHERE users.id = %s
[cached since 380.9s ago] (1,)
ROLLBACK
BEGIN (implicit)
SELECT users.id, users.created_at, users.updated_at, users.username, users.email, users.password, users.is_active 
FROM users 
WHERE users.id = %s
[cached since 394.9s ago] (1,)
ROLLBACK
BEGIN (implicit)
SELECT hospitals.id, hospitals.created_at, hospitals.updated_at, hospitals.name, hospitals.address 
FROM hospitals 
 LIMIT %s OFFSET %s
[cached since 3583s ago] (100, 0)
ROLLBACK
BEGIN (implicit)
SELECT users.id, users.created_at, users.updated_at, users.username, users.email, users.password, users.is_active 
FROM users 
WHERE users.id = %s
[cached since 4.154e+04s ago] (1,)
UPDATE users SET updated_at=now(), username=%s, password=%s WHERE users.id = %s
[generated in 0.00036s] ('string', 'string', 1)
COMMIT
BEGIN (implicit)
SELECT users.id, users.created_at, users.updated_at, users.username, users.email, users.password, users.is_active 
FROM users 
WHERE users.id = %s
[generated in 0.00020s] (1,)
ROLLBACK
BEGIN (implicit)
SELECT users.id, users.created_at, users.updated_at, users.username, users.email, users.password, users.is_active 
FROM users 
WHERE users.username = %s
[generated in 0.00062s] ('postgres',)
ROLLBACK
BEGIN (implicit)
SELECT hospitals.id, hospitals.created_at, hospitals.updated_at, hospitals.name, hospitals.address 
FROM hospitals 
 LIMIT %s OFFSET %s
[cached since 4.595e+04s ago] (100, 0)
ROLLBACK
BEGIN (implicit)
SELECT users.id, users.created_at, users.updated_at, users.username, users.email, users.password, users.is_active 
FROM users 
WHERE users.id = %s
[cached since 4.278e+04s ago] (1,)
ROLLBACK
BEGIN (implicit)
SELECT users.id, users.created_at, users.updated_at, users.username, users.email, users.password, users.is_active 
FROM users 
WHERE users.id = %s
[cached since 4.282e+04s ago] (1,)
UPDATE users SET updated_at=now(), username=%s WHERE users.id = %s
[generated in 0.00058s] ('string11', 1)
COMMIT
BEGIN (implicit)
SELECT users.id, users.created_at, users.updated_at, users.username, users.email, users.password, users.is_active 
FROM users 
WHERE users.id = %s
[cached since 1276s ago] (1,)
ROLLBACK
BEGIN (implicit)
SELECT hospitals.id, hospitals.created_at, hospitals.updated_at, hospitals.name, hospitals.address 
FROM hospitals 
 LIMIT %s OFFSET %s
[cached since 4.603e+04s ago] (100, 0)
ROLLBACK
BEGIN (implicit)
SELECT users.id, users.created_at, users.updated_at, users.username, users.email, users.password, users.is_active 
FROM users 
WHERE users.id = %s
[cached since 4.285e+04s ago] (1,)
ROLLBACK
BEGIN (implicit)
SELECT hospitals.id, hospitals.created_at, hospitals.updated_at, hospitals.name, hospitals.address 
FROM hospitals 
 LIMIT %s OFFSET %s
[cached since 4.603e+04s ago] (100, 0)
ROLLBACK
BEGIN (implicit)
SELECT users.id, users.created_at, users.updated_at, users.username, users.email, users.password, users.is_active 
FROM users 
WHERE users.id = %s
[cached since 4.285e+04s ago] (1,)
ROLLBACK
BEGIN (implicit)
SELECT hospitals.id, hospitals.created_at, hospitals.updated_at, hospitals.name, hospitals.address 
FROM hospitals 
 LIMIT %s OFFSET %s
[cached since 4.607e+04s ago] (100, 0)
ROLLBACK
BEGIN (implicit)
SELECT users.id, users.created_at, users.updated_at, users.username, users.email, users.password, users.is_active 
FROM users 
WHERE users.id = %s
[cached since 4.289e+04s ago] (1,)
ROLLBACK
BEGIN (implicit)
SELECT hospitals.id, hospitals.created_at, hospitals.updated_at, hospitals.name, hospitals.address 
FROM hospitals 
 LIMIT %s OFFSET %s
[cached since 4.607e+04s ago] (100, 0)
ROLLBACK
BEGIN (implicit)
SELECT hospitals.id, hospitals.created_at, hospitals.updated_at, hospitals.name, hospitals.address 
FROM hospitals 
 LIMIT %s OFFSET %s
[cached since 4.701e+04s ago] (100, 0)
ROLLBACK
BEGIN (implicit)
SELECT users.id, users.created_at, users.updated_at, users.username, users.email, users.password, users.is_active 
FROM users 
WHERE users.id = %s
[cached since 4.383e+04s ago] (1,)
ROLLBACK
BEGIN (implicit)
SELECT hospitals.id, hospitals.created_at, hospitals.updated_at, hospitals.name, hospitals.address 
FROM hospitals 
 LIMIT %s OFFSET %s
[cached since 4.702e+04s ago] (100, 0)
ROLLBACK
BEGIN (implicit)
SELECT users.id, users.created_at, users.updated_at, users.username, users.email, users.password, users.is_active 
FROM users 
WHERE users.id = %s
[cached since 4.385e+04s ago] (1,)
ROLLBACK
BEGIN (implicit)
SELECT users.id, users.created_at, users.updated_at, users.username, users.email, users.password, users.is_active 
FROM users 
WHERE users.id = %s
[cached since 4.41e+04s ago] (1,)
ROLLBACK
BEGIN (implicit)
SELECT users.id, users.created_at, users.updated_at, users.username, users.email, users.password, users.is_active 
FROM users 
WHERE users.id = %s
[cached since 4.411e+04s ago] (1,)
ROLLBACK
BEGIN (implicit)
SELECT users.id, users.created_at, users.updated_at, users.username, users.email, users.password, users.is_active 
FROM users 
WHERE users.id = %s
[cached since 4.412e+04s ago] (1,)
ROLLBACK
BEGIN (implicit)
SELECT hospitals.id, hospitals.created_at, hospitals.updated_at, hospitals.name, hospitals.address 
FROM hospitals 
 LIMIT %s OFFSET %s
[cached since 4.73e+04s ago] (100, 0)
ROLLBACK
BEGIN (implicit)
SELECT users.id, users.created_at, users.updated_at, users.username, users.email, users.password, users.is_active 
FROM users 
WHERE users.id = %s
[cached since 4.412e+04s ago] (1,)
ROLLBACK
BEGIN (implicit)
SELECT users.id, users.created_at, users.updated_at, users.username, users.email, users.password, users.is_active 
FROM users 
WHERE users.id = %s
[cached since 4.477e+04s ago] (1,)
ROLLBACK
BEGIN (implicit)
SELECT hospitals.id, hospitals.created_at, hospitals.updated_at, hospitals.name, hospitals.address 
FROM hospitals 
 LIMIT %s OFFSET %s
[cached since 4.843e+04s ago] (100, 0)
ROLLBACK
BEGIN (implicit)
SELECT users.id, users.created_at, users.updated_at, users.username, users.email, users.password, users.is_active 
FROM users 
WHERE users.id = %s
[cached since 4.525e+04s ago] (1,)
ROLLBACK
BEGIN (implicit)
SELECT hospitals.id, hospitals.created_at, hospitals.updated_at, hospitals.name, hospitals.address 
FROM hospitals 
 LIMIT %s OFFSET %s
[cached since 4.843e+04s ago] (100, 0)
ROLLBACK
BEGIN (implicit)
SELECT users.id, users.created_at, users.updated_at, users.username, users.email, users.password, users.is_active 
FROM users 
WHERE users.username = %s
[cached since 2885s ago] ('postgres',)
ROLLBACK
BEGIN (implicit)
SELECT users.id, users.created_at, users.updated_at, users.username, users.email, users.password, users.is_active 
FROM users 
WHERE users.username = %s
[cached since 2906s ago] ('test-01',)
ROLLBACK
BEGIN (implicit)
SELECT hospitals.id, hospitals.created_at, hospitals.updated_at, hospitals.name, hospitals.address 
FROM hospitals 
 LIMIT %s OFFSET %s
[cached since 4.885e+04s ago] (100, 0)
ROLLBACK
BEGIN (implicit)
SELECT users.id, users.created_at, users.updated_at, users.username, users.email, users.password, users.is_active 
FROM users 
WHERE users.id = %s
[cached since 4.568e+04s ago] (1,)
ROLLBACK
BEGIN (implicit)
SELECT hospitals.id, hospitals.created_at, hospitals.updated_at, hospitals.name, hospitals.address 
FROM hospitals 
 LIMIT %s OFFSET %s
[cached since 4.886e+04s ago] (100, 0)
ROLLBACK
BEGIN (implicit)
SELECT users.id, users.created_at, users.updated_at, users.username, users.email, users.password, users.is_active 
FROM users 
WHERE users.id = %s
[cached since 4.569e+04s ago] (1,)
ROLLBACK
BEGIN (implicit)
INSERT INTO users (updated_at, username, email, password, is_active) VALUES (%s, %s, %s, %s, %s) RETURNING users.id
[generated in 0.00023s] (None, 'postgres', 'postgres@gmal.com', '$2b$12$sUKK9upyxKrCBGeybcuo/uUgfJ0kBpU.HxFO4pFK5JZf4W8y8ZrRa', True)
COMMIT
BEGIN (implicit)
SELECT users.id, users.created_at, users.updated_at, users.username, users.email, users.password, users.is_active 
FROM users 
WHERE users.id = %s
[cached since 4166s ago] (5,)
ROLLBACK
BEGIN (implicit)
SELECT users.id, users.created_at, users.updated_at, users.username, users.email, users.password, users.is_active 
FROM users 
WHERE users.username = %s
[cached since 2945s ago] ('postgres',)
ROLLBACK
BEGIN (implicit)
SELECT hospitals.id, hospitals.created_at, hospitals.updated_at, hospitals.name, hospitals.address 
FROM hospitals 
 LIMIT %s OFFSET %s
[cached since 4.889e+04s ago] (100, 0)
ROLLBACK
BEGIN (implicit)
SELECT users.id, users.created_at, users.updated_at, users.username, users.email, users.password, users.is_active 
FROM users 
WHERE users.id = %s
[cached since 4.571e+04s ago] (1,)
ROLLBACK
BEGIN (implicit)
SELECT hospitals.id, hospitals.created_at, hospitals.updated_at, hospitals.name, hospitals.address 
FROM hospitals 
 LIMIT %s OFFSET %s
[cached since 4.913e+04s ago] (100, 0)
ROLLBACK
BEGIN (implicit)
SELECT hospitals.id, hospitals.created_at, hospitals.updated_at, hospitals.name, hospitals.address 
FROM hospitals 
 LIMIT %s OFFSET %s
[cached since 4.926e+04s ago] (100, 0)
ROLLBACK
BEGIN (implicit)
SELECT users.id, users.created_at, users.updated_at, users.username, users.email, users.password, users.is_active 
FROM users 
WHERE users.username = %s
[cached since 3321s ago] ('postgres',)
ROLLBACK
BEGIN (implicit)
SELECT hospitals.id, hospitals.created_at, hospitals.updated_at, hospitals.name, hospitals.address 
FROM hospitals 
 LIMIT %s OFFSET %s
[cached since 4.927e+04s ago] (100, 0)
ROLLBACK
BEGIN (implicit)
SELECT users.id, users.created_at, users.updated_at, users.username, users.email, users.password, users.is_active 
FROM users 
WHERE users.id = %s
[cached since 4.613e+04s ago] (5,)
ROLLBACK
BEGIN (implicit)
SELECT users.id, users.created_at, users.updated_at, users.username, users.email, users.password, users.is_active 
FROM users 
WHERE users.username = %s
[cached since 3369s ago] ('postgres',)
ROLLBACK
BEGIN (implicit)
SELECT hospitals.id, hospitals.created_at, hospitals.updated_at, hospitals.name, hospitals.address 
FROM hospitals 
 LIMIT %s OFFSET %s
[cached since 4.932e+04s ago] (100, 0)
ROLLBACK
BEGIN (implicit)
SELECT hospitals.id, hospitals.created_at, hospitals.updated_at, hospitals.name, hospitals.address 
FROM hospitals 
 LIMIT %s OFFSET %s
[cached since 4.953e+04s ago] (100, 0)
ROLLBACK
BEGIN (implicit)
SELECT hospitals.id, hospitals.created_at, hospitals.updated_at, hospitals.name, hospitals.address 
FROM hospitals 
 LIMIT %s OFFSET %s
[cached since 4.969e+04s ago] (100, 0)
ROLLBACK
BEGIN (implicit)
SELECT users.id, users.created_at, users.updated_at, users.username, users.email, users.password, users.is_active 
FROM users 
WHERE users.username = %s
[cached since 3751s ago] ('postgres',)
ROLLBACK
BEGIN (implicit)
SELECT hospitals.id, hospitals.created_at, hospitals.updated_at, hospitals.name, hospitals.address 
FROM hospitals 
 LIMIT %s OFFSET %s
[cached since 4.97e+04s ago] (100, 0)
ROLLBACK
BEGIN (implicit)
SELECT users.id, users.created_at, users.updated_at, users.username, users.email, users.password, users.is_active 
FROM users 
WHERE users.id = %s
[cached since 4.652e+04s ago] (5,)
ROLLBACK
BEGIN (implicit)
SELECT users.id, users.created_at, users.updated_at, users.username, users.email, users.password, users.is_active 
FROM users 
WHERE users.id = %s
[cached since 4.653e+04s ago] (5,)
UPDATE users SET updated_at=now(), username=%s WHERE users.id = %s
[cached since 3713s ago] ('postgress', 5)
COMMIT
BEGIN (implicit)
SELECT users.id, users.created_at, users.updated_at, users.username, users.email, users.password, users.is_active 
FROM users 
WHERE users.id = %s
[cached since 4989s ago] (5,)
ROLLBACK
BEGIN (implicit)
SELECT users.id, users.created_at, users.updated_at, users.username, users.email, users.password, users.is_active 
FROM users 
WHERE users.username = %s
[cached since 3775s ago] ('postgress',)
ROLLBACK
BEGIN (implicit)
SELECT hospitals.id, hospitals.created_at, hospitals.updated_at, hospitals.name, hospitals.address 
FROM hospitals 
 LIMIT %s OFFSET %s
[cached since 4.972e+04s ago] (100, 0)
ROLLBACK
BEGIN (implicit)
SELECT users.id, users.created_at, users.updated_at, users.username, users.email, users.password, users.is_active 
FROM users 
WHERE users.id = %s
[cached since 4.654e+04s ago] (5,)
ROLLBACK
BEGIN (implicit)
SELECT users.id, users.created_at, users.updated_at, users.username, users.email, users.password, users.is_active 
FROM users 
WHERE users.id = %s
[cached since 4.655e+04s ago] (5,)
UPDATE users SET updated_at=now(), username=%s WHERE users.id = %s
[cached since 3731s ago] ('postgres', 5)
COMMIT
BEGIN (implicit)
SELECT users.id, users.created_at, users.updated_at, users.username, users.email, users.password, users.is_active 
FROM users 
WHERE users.id = %s
[cached since 5007s ago] (5,)
ROLLBACK
BEGIN (implicit)
SELECT hospitals.id, hospitals.created_at, hospitals.updated_at, hospitals.name, hospitals.address 
FROM hospitals 
 LIMIT %s OFFSET %s
[cached since 4.973e+04s ago] (100, 0)
ROLLBACK
BEGIN (implicit)
SELECT users.id, users.created_at, users.updated_at, users.username, users.email, users.password, users.is_active 
FROM users 
WHERE users.id = %s
[cached since 4.669e+04s ago] (5,)
ROLLBACK
BEGIN (implicit)
SELECT hospitals.id, hospitals.created_at, hospitals.updated_at, hospitals.name, hospitals.address 
FROM hospitals 
 LIMIT %s OFFSET %s
[cached since 4.987e+04s ago] (100, 0)
ROLLBACK
BEGIN (implicit)
SELECT hospitals.id, hospitals.created_at, hospitals.updated_at, hospitals.name, hospitals.address 
FROM hospitals 
 LIMIT %s OFFSET %s
[cached since 5.009e+04s ago] (100, 0)
ROLLBACK
BEGIN (implicit)
SELECT hospitals.id, hospitals.created_at, hospitals.updated_at, hospitals.name, hospitals.address 
FROM hospitals 
 LIMIT %s OFFSET %s
[cached since 5.01e+04s ago] (100, 0)
ROLLBACK
BEGIN (implicit)
SELECT users.id, users.created_at, users.updated_at, users.username, users.email, users.password, users.is_active 
FROM users 
WHERE users.username = %s
[cached since 4163s ago] ('postgres',)
ROLLBACK
BEGIN (implicit)
SELECT hospitals.id, hospitals.created_at, hospitals.updated_at, hospitals.name, hospitals.address 
FROM hospitals 
 LIMIT %s OFFSET %s
[cached since 5.011e+04s ago] (100, 0)
ROLLBACK
BEGIN (implicit)
SELECT users.id, users.created_at, users.updated_at, users.username, users.email, users.password, users.is_active 
FROM users 
WHERE users.id = %s
[cached since 4.693e+04s ago] (5,)
ROLLBACK
BEGIN (implicit)
SELECT hospitals.id, hospitals.created_at, hospitals.updated_at, hospitals.name, hospitals.address 
FROM hospitals 
 LIMIT %s OFFSET %s
[cached since 5.012e+04s ago] (100, 0)
ROLLBACK
BEGIN (implicit)
SELECT hospitals.id, hospitals.created_at, hospitals.updated_at, hospitals.name, hospitals.address 
FROM hospitals 
 LIMIT %s OFFSET %s
[cached since 5.046e+04s ago] (100, 0)
ROLLBACK
BEGIN (implicit)
SELECT hospitals.id, hospitals.created_at, hospitals.updated_at, hospitals.name, hospitals.address 
FROM hospitals 
 LIMIT %s OFFSET %s
[cached since 5.047e+04s ago] (100, 0)
ROLLBACK
BEGIN (implicit)
SELECT hospitals.id, hospitals.created_at, hospitals.updated_at, hospitals.name, hospitals.address 
FROM hospitals 
 LIMIT %s OFFSET %s
[cached since 5.066e+04s ago] (100, 0)
ROLLBACK
BEGIN (implicit)
SELECT hospitals.id, hospitals.created_at, hospitals.updated_at, hospitals.name, hospitals.address 
FROM hospitals 
 LIMIT %s OFFSET %s
[cached since 5.067e+04s ago] (100, 0)
ROLLBACK
BEGIN (implicit)
SELECT users.id, users.created_at, users.updated_at, users.username, users.email, users.password, users.is_active 
FROM users 
WHERE users.username = %s
[cached since 4727s ago] ('postgres',)
ROLLBACK
BEGIN (implicit)
SELECT hospitals.id, hospitals.created_at, hospitals.updated_at, hospitals.name, hospitals.address 
FROM hospitals 
 LIMIT %s OFFSET %s
[cached since 5.067e+04s ago] (100, 0)
ROLLBACK
BEGIN (implicit)
SELECT users.id, users.created_at, users.updated_at, users.username, users.email, users.password, users.is_active 
FROM users 
WHERE users.username = %s
[cached since 4869s ago] ('postgres',)
ROLLBACK
BEGIN (implicit)
SELECT hospitals.id, hospitals.created_at, hospitals.updated_at, hospitals.name, hospitals.address 
FROM hospitals 
 LIMIT %s OFFSET %s
[cached since 5.082e+04s ago] (100, 0)
ROLLBACK
BEGIN (implicit)
SELECT users.id, users.created_at, users.updated_at, users.username, users.email, users.password, users.is_active 
FROM users 
WHERE users.username = %s
[cached since 5096s ago] ('postgres',)
ROLLBACK
BEGIN (implicit)
SELECT hospitals.id, hospitals.created_at, hospitals.updated_at, hospitals.name, hospitals.address 
FROM hospitals 
 LIMIT %s OFFSET %s
[cached since 5.104e+04s ago] (100, 0)
ROLLBACK
BEGIN (implicit)
SELECT users.id, users.created_at, users.updated_at, users.username, users.email, users.password, users.is_active 
FROM users 
WHERE users.id = %s
[cached since 4.786e+04s ago] (5,)
ROLLBACK
BEGIN (implicit)
SELECT users.id, users.created_at, users.updated_at, users.username, users.email, users.password, users.is_active 
FROM users 
WHERE users.username = %s
[cached since 5353s ago] ('postgres',)
ROLLBACK
BEGIN (implicit)
SELECT hospitals.id, hospitals.created_at, hospitals.updated_at, hospitals.name, hospitals.address 
FROM hospitals 
 LIMIT %s OFFSET %s
[cached since 5.13e+04s ago] (100, 0)
ROLLBACK
BEGIN (implicit)
SELECT users.id, users.created_at, users.updated_at, users.username, users.email, users.password, users.is_active 
FROM users 
WHERE users.id = %s
[cached since 4.812e+04s ago] (5,)
ROLLBACK
BEGIN (implicit)
SELECT hospitals.id, hospitals.created_at, hospitals.updated_at, hospitals.name, hospitals.address 
FROM hospitals 
 LIMIT %s OFFSET %s
[cached since 5.13e+04s ago] (100, 0)
ROLLBACK
Shutting down the application
select pg_catalog.version()
[raw sql] ()
select current_schema()
[raw sql] ()
show standard_conforming_strings
[raw sql] ()
BEGIN (implicit)
select relname from pg_class c join pg_namespace n on n.oid=c.relnamespace where pg_catalog.pg_table_is_visible(c.oid) and relname=%s
[generated in 0.00010s] ('users',)
select relname from pg_class c join pg_namespace n on n.oid=c.relnamespace where pg_catalog.pg_table_is_visible(c.oid) and relname=%s
[cached since 0.00399s ago] ('ambulances',)
select relname from pg_class c join pg_namespace n on n.oid=c.relnamespace where pg_catalog.pg_table_is_visible(c.oid) and relname=%s
[cached since 0.004866s ago] ('hospitals',)
select relname from pg_class c join pg_namespace n on n.oid=c.relnamespace where pg_catalog.pg_table_is_visible(c.oid) and relname=%s
[cached since 0.005282s ago] ('blood',)
SELECT 1
[generated in 0.00007s] ()
Database connection established
COMMIT
Starting up the application
BEGIN (implicit)
SELECT users.id, users.created_at, users.updated_at, users.username, users.email, users.password, users.is_active 
FROM users 
WHERE users.username = %s
[generated in 0.00048s] ('postgres',)
127.0.0.1 1703748051.8760672 "POST /dashboard/users/login HTTP/1.1" 200 358.77299308776855 "http://localhost:3000/" "Mozilla/5.0 (Macintosh; Intel Mac OS X 10_15_7) AppleWebKit/537.36 (KHTML, like Gecko) Chrome/120.0.0.0 Safari/537.36" "-" "-" - {} {} {}
ROLLBACK
BEGIN (implicit)
SELECT hospitals.id, hospitals.created_at, hospitals.updated_at, hospitals.name, hospitals.address 
FROM hospitals 
 LIMIT %s OFFSET %s
[generated in 0.00016s] (100, 0)
127.0.0.1 1703748051.924814 "GET /dashboard/hospitals/gethospitals HTTP/1.1" 200 12.964963912963867 "http://localhost:3000/" "Mozilla/5.0 (Macintosh; Intel Mac OS X 10_15_7) AppleWebKit/537.36 (KHTML, like Gecko) Chrome/120.0.0.0 Safari/537.36" "-" "-" - {} {} {"skip": "0", "limit": "100"}
ROLLBACK
BEGIN (implicit)
SELECT users.id, users.created_at, users.updated_at, users.username, users.email, users.password, users.is_active 
FROM users 
WHERE users.id = %s
[generated in 0.00055s] (5,)
127.0.0.1 1703748057.848266 "GET /dashboard/users/detail/5 HTTP/1.1" 200 11.861085891723633 "http://localhost:3000/" "Mozilla/5.0 (Macintosh; Intel Mac OS X 10_15_7) AppleWebKit/537.36 (KHTML, like Gecko) Chrome/120.0.0.0 Safari/537.36" "-" "-" - {} {} {}
ROLLBACK
BEGIN (implicit)
SELECT users.id, users.created_at, users.updated_at, users.username, users.email, users.password, users.is_active 
FROM users 
WHERE users.id = %s
[cached since 10.69s ago] (5,)
COMMIT
BEGIN (implicit)
SELECT users.id, users.created_at, users.updated_at, users.username, users.email, users.password, users.is_active 
FROM users 
WHERE users.id = %s
[generated in 0.00025s] (5,)
127.0.0.1 1703748068.544759 "PUT /dashboard/users/5/update HTTP/1.1" 200 23.03004264831543 "http://localhost:3000/" "Mozilla/5.0 (Macintosh; Intel Mac OS X 10_15_7) AppleWebKit/537.36 (KHTML, like Gecko) Chrome/120.0.0.0 Safari/537.36" "-" "-" - {} {} {}
ROLLBACK
BEGIN (implicit)
SELECT hospitals.id, hospitals.created_at, hospitals.updated_at, hospitals.name, hospitals.address 
FROM hospitals 
 LIMIT %s OFFSET %s
[cached since 21s ago] (100, 0)
127.0.0.1 1703748072.9189792 "GET /dashboard/hospitals/gethospitals HTTP/1.1" 200 8.205175399780273 "http://localhost:3000/" "Mozilla/5.0 (Macintosh; Intel Mac OS X 10_15_7) AppleWebKit/537.36 (KHTML, like Gecko) Chrome/120.0.0.0 Safari/537.36" "-" "-" - {} {} {"skip": "0", "limit": "100"}
ROLLBACK
BEGIN (implicit)
SELECT hospitals.id, hospitals.created_at, hospitals.updated_at, hospitals.name, hospitals.address 
FROM hospitals 
WHERE hospitals.id = %s
[generated in 0.00030s] (2,)
127.0.0.1 1703748076.976246 "GET /dashboard/hospitals/profile/detail/2 HTTP/1.1" 200 5.376100540161133 "http://localhost:3000/" "Mozilla/5.0 (Macintosh; Intel Mac OS X 10_15_7) AppleWebKit/537.36 (KHTML, like Gecko) Chrome/120.0.0.0 Safari/537.36" "-" "-" - {} {} {}
ROLLBACK
BEGIN (implicit)
SELECT hospitals.id, hospitals.created_at, hospitals.updated_at, hospitals.name, hospitals.address 
FROM hospitals 
WHERE hospitals.id = %s
[cached since 4.183s ago] (2,)
UPDATE hospitals SET updated_at=now(), name=%s, address=%s WHERE hospitals.id = %s
[generated in 0.00155s] ('string2', 'string1', 2)
COMMIT
BEGIN (implicit)
SELECT hospitals.id, hospitals.created_at, hospitals.updated_at, hospitals.name, hospitals.address 
FROM hospitals 
WHERE hospitals.id = %s
[generated in 0.00082s] (2,)
127.0.0.1 1703748081.184099 "PUT /dashboard/hospitals/hospitals/2/update HTTP/1.1" 200 31.837940216064453 "http://localhost:3000/" "Mozilla/5.0 (Macintosh; Intel Mac OS X 10_15_7) AppleWebKit/537.36 (KHTML, like Gecko) Chrome/120.0.0.0 Safari/537.36" "-" "-" - {} {} {}
ROLLBACK
BEGIN (implicit)
SELECT hospitals.id, hospitals.created_at, hospitals.updated_at, hospitals.name, hospitals.address 
FROM hospitals 
 LIMIT %s OFFSET %s
[cached since 29.31s ago] (100, 0)
127.0.0.1 1703748081.2269828 "GET /dashboard/hospitals/gethospitals HTTP/1.1" 200 3.895998001098633 "http://localhost:3000/" "Mozilla/5.0 (Macintosh; Intel Mac OS X 10_15_7) AppleWebKit/537.36 (KHTML, like Gecko) Chrome/120.0.0.0 Safari/537.36" "-" "-" - {} {} {"skip": "0", "limit": "100"}
ROLLBACK
Shutting down the application
select pg_catalog.version()
[raw sql] ()
select current_schema()
[raw sql] ()
show standard_conforming_strings
[raw sql] ()
BEGIN (implicit)
select relname from pg_class c join pg_namespace n on n.oid=c.relnamespace where pg_catalog.pg_table_is_visible(c.oid) and relname=%s
[generated in 0.00007s] ('users',)
select relname from pg_class c join pg_namespace n on n.oid=c.relnamespace where pg_catalog.pg_table_is_visible(c.oid) and relname=%s
[cached since 0.002188s ago] ('ambulances',)
select relname from pg_class c join pg_namespace n on n.oid=c.relnamespace where pg_catalog.pg_table_is_visible(c.oid) and relname=%s
[cached since 0.002788s ago] ('hospitals',)
select relname from pg_class c join pg_namespace n on n.oid=c.relnamespace where pg_catalog.pg_table_is_visible(c.oid) and relname=%s
[cached since 0.003351s ago] ('blood',)
SELECT 1
[generated in 0.00006s] ()
Database connection established
COMMIT
Starting up the application
BEGIN (implicit)
SELECT users.id, users.created_at, users.updated_at, users.username, users.email, users.password, users.is_active 
FROM users 
WHERE users.username = %s
[generated in 0.00017s] ('postgres',)
127.0.0.1 1703748148.3425238 "POST /dashboard/users/login HTTP/1.1" 200 312.52288818359375 "http://localhost:3000/" "Mozilla/5.0 (Macintosh; Intel Mac OS X 10_15_7) AppleWebKit/537.36 (KHTML, like Gecko) Chrome/120.0.0.0 Safari/537.36" "-" "-" - {} {} {}
ROLLBACK
BEGIN (implicit)
SELECT hospitals.id, hospitals.created_at, hospitals.updated_at, hospitals.name, hospitals.address 
FROM hospitals 
 LIMIT %s OFFSET %s
[generated in 0.00297s] (100, 0)
127.0.0.1 1703748148.397604 "GET /dashboard/hospitals/gethospitals HTTP/1.1" 200 19.622802734375 "http://localhost:3000/" "Mozilla/5.0 (Macintosh; Intel Mac OS X 10_15_7) AppleWebKit/537.36 (KHTML, like Gecko) Chrome/120.0.0.0 Safari/537.36" "-" "-" - {} {} {"skip": "0", "limit": "100"}
ROLLBACK
BEGIN (implicit)
SELECT users.id, users.created_at, users.updated_at, users.username, users.email, users.password, users.is_active 
FROM users 
WHERE users.id = %s
[generated in 0.00049s] (5,)
127.0.0.1 1703748150.925468 "GET /dashboard/users/detail/5 HTTP/1.1" 200 7.723093032836914 "http://localhost:3000/" "Mozilla/5.0 (Macintosh; Intel Mac OS X 10_15_7) AppleWebKit/537.36 (KHTML, like Gecko) Chrome/120.0.0.0 Safari/537.36" "-" "-" - {} {} {}
ROLLBACK
BEGIN (implicit)
SELECT users.id, users.created_at, users.updated_at, users.username, users.email, users.password, users.is_active 
FROM users 
WHERE users.id = %s
[cached since 37.39s ago] (5,)
UPDATE users SET updated_at=now(), username=%s WHERE users.id = %s
[generated in 0.00049s] ('postgresq', 5)
COMMIT
BEGIN (implicit)
SELECT users.id, users.created_at, users.updated_at, users.username, users.email, users.password, users.is_active 
FROM users 
WHERE users.id = %s
[generated in 0.00022s] (5,)
127.0.0.1 1703748188.33408 "PUT /dashboard/users/5/update HTTP/1.1" 200 36.57126426696777 "http://localhost:3000/" "Mozilla/5.0 (Macintosh; Intel Mac OS X 10_15_7) AppleWebKit/537.36 (KHTML, like Gecko) Chrome/120.0.0.0 Safari/537.36" "-" "-" - {} {} {}
ROLLBACK
BEGIN (implicit)
SELECT users.id, users.created_at, users.updated_at, users.username, users.email, users.password, users.is_active 
FROM users 
WHERE users.id = %s
[cached since 40.94s ago] (5,)
UPDATE users SET updated_at=now(), username=%s WHERE users.id = %s
[cached since 3.543s ago] ('postgres', 5)
COMMIT
BEGIN (implicit)
SELECT users.id, users.created_at, users.updated_at, users.username, users.email, users.password, users.is_active 
FROM users 
WHERE users.id = %s
[cached since 3.542s ago] (5,)
127.0.0.1 1703748191.878081 "PUT /dashboard/users/5/update HTTP/1.1" 200 21.421194076538086 "http://localhost:3000/" "Mozilla/5.0 (Macintosh; Intel Mac OS X 10_15_7) AppleWebKit/537.36 (KHTML, like Gecko) Chrome/120.0.0.0 Safari/537.36" "-" "-" - {} {} {}
ROLLBACK
BEGIN (implicit)
SELECT hospitals.id, hospitals.created_at, hospitals.updated_at, hospitals.name, hospitals.address 
FROM hospitals 
 LIMIT %s OFFSET %s
[cached since 44.57s ago] (100, 0)
127.0.0.1 1703748192.949885 "GET /dashboard/hospitals/gethospitals HTTP/1.1" 200 4.966974258422852 "http://localhost:3000/" "Mozilla/5.0 (Macintosh; Intel Mac OS X 10_15_7) AppleWebKit/537.36 (KHTML, like Gecko) Chrome/120.0.0.0 Safari/537.36" "-" "-" - {} {} {"skip": "0", "limit": "100"}
ROLLBACK
BEGIN (implicit)
SELECT hospitals.id, hospitals.created_at, hospitals.updated_at, hospitals.name, hospitals.address 
FROM hospitals 
WHERE hospitals.id = %s
[generated in 0.00024s] (3,)
127.0.0.1 1703748195.426357 "GET /dashboard/hospitals/profile/detail/3 HTTP/1.1" 200 6.345033645629883 "http://localhost:3000/" "Mozilla/5.0 (Macintosh; Intel Mac OS X 10_15_7) AppleWebKit/537.36 (KHTML, like Gecko) Chrome/120.0.0.0 Safari/537.36" "-" "-" - {} {} {}
ROLLBACK
BEGIN (implicit)
SELECT hospitals.id, hospitals.created_at, hospitals.updated_at, hospitals.name, hospitals.address 
FROM hospitals 
 LIMIT %s OFFSET %s
[cached since 48.71s ago] (100, 0)
127.0.0.1 1703748197.089134 "GET /dashboard/hospitals/gethospitals HTTP/1.1" 200 4.697084426879883 "http://localhost:3000/" "Mozilla/5.0 (Macintosh; Intel Mac OS X 10_15_7) AppleWebKit/537.36 (KHTML, like Gecko) Chrome/120.0.0.0 Safari/537.36" "-" "-" - {} {} {"skip": "0", "limit": "100"}
ROLLBACK
BEGIN (implicit)
SELECT users.id, users.created_at, users.updated_at, users.username, users.email, users.password, users.is_active 
FROM users 
WHERE users.username = %s
[cached since 52.81s ago] ('postgres',)
127.0.0.1 1703748201.1572921 "POST /dashboard/users/login HTTP/1.1" 200 317.37613677978516 "http://localhost:3000/" "Mozilla/5.0 (Macintosh; Intel Mac OS X 10_15_7) AppleWebKit/537.36 (KHTML, like Gecko) Chrome/120.0.0.0 Safari/537.36" "-" "-" - {} {} {}
ROLLBACK
BEGIN (implicit)
SELECT hospitals.id, hospitals.created_at, hospitals.updated_at, hospitals.name, hospitals.address 
FROM hospitals 
 LIMIT %s OFFSET %s
[cached since 52.81s ago] (100, 0)
127.0.0.1 1703748201.187 "GET /dashboard/hospitals/gethospitals HTTP/1.1" 200 2.4759769439697266 "http://localhost:3000/" "Mozilla/5.0 (Macintosh; Intel Mac OS X 10_15_7) AppleWebKit/537.36 (KHTML, like Gecko) Chrome/120.0.0.0 Safari/537.36" "-" "-" - {} {} {"skip": "0", "limit": "100"}
ROLLBACK
Shutting down the application
select pg_catalog.version()
[raw sql] ()
select current_schema()
[raw sql] ()
show standard_conforming_strings
[raw sql] ()
BEGIN (implicit)
select relname from pg_class c join pg_namespace n on n.oid=c.relnamespace where pg_catalog.pg_table_is_visible(c.oid) and relname=%s
[generated in 0.00008s] ('users',)
select relname from pg_class c join pg_namespace n on n.oid=c.relnamespace where pg_catalog.pg_table_is_visible(c.oid) and relname=%s
[cached since 0.001432s ago] ('ambulances',)
select relname from pg_class c join pg_namespace n on n.oid=c.relnamespace where pg_catalog.pg_table_is_visible(c.oid) and relname=%s
[cached since 0.001965s ago] ('hospitals',)
select relname from pg_class c join pg_namespace n on n.oid=c.relnamespace where pg_catalog.pg_table_is_visible(c.oid) and relname=%s
[cached since 0.002359s ago] ('blood',)
SELECT 1
[generated in 0.00007s] ()
Database connection established
COMMIT
Starting up the application
BEGIN (implicit)
SELECT hospitals.id, hospitals.created_at, hospitals.updated_at, hospitals.name, hospitals.address 
FROM hospitals 
WHERE hospitals.id = %s
[generated in 0.00042s] (3,)
127.0.0.1 1703748402.812621 "GET /dashboard/hospitals/profile/detail/3 HTTP/1.1" 200 21.416902542114258 "http://localhost:3000/" "Mozilla/5.0 (Macintosh; Intel Mac OS X 10_15_7) AppleWebKit/537.36 (KHTML, like Gecko) Chrome/120.0.0.0 Safari/537.36" "-" "-" - {} {} {}
ROLLBACK
BEGIN (implicit)
SELECT hospitals.id, hospitals.created_at, hospitals.updated_at, hospitals.name, hospitals.address 
FROM hospitals 
 LIMIT %s OFFSET %s
[generated in 0.00052s] (100, 0)
127.0.0.1 1703748404.305902 "GET /dashboard/hospitals/gethospitals HTTP/1.1" 200 7.77125358581543 "http://localhost:3000/" "Mozilla/5.0 (Macintosh; Intel Mac OS X 10_15_7) AppleWebKit/537.36 (KHTML, like Gecko) Chrome/120.0.0.0 Safari/537.36" "-" "-" - {} {} {"skip": "0", "limit": "100"}
ROLLBACK
BEGIN (implicit)
SELECT users.id, users.created_at, users.updated_at, users.username, users.email, users.password, users.is_active 
FROM users 
WHERE users.id = %s
[generated in 0.00057s] (5,)
127.0.0.1 1703748406.150265 "GET /dashboard/users/detail/5 HTTP/1.1" 200 21.792173385620117 "http://localhost:3000/" "Mozilla/5.0 (Macintosh; Intel Mac OS X 10_15_7) AppleWebKit/537.36 (KHTML, like Gecko) Chrome/120.0.0.0 Safari/537.36" "-" "-" - {} {} {}
ROLLBACK
Shutting down the application
